,Date,Open,High,Low,Close,Volume,Extra
0,2020-01-01T00:00:00,238.6,238.6,237.1,238.1,4202195,
1,2020-01-02T00:00:00,238.2,240.95,238.1,239.85,8398301,
2,2020-01-03T00:00:00,241.0,241.0,238.0,238.5,9275360,
3,2020-01-06T00:00:00,237.5,238.3,235.0,235.1,7630506,
4,2020-01-07T00:00:00,236.05,237.9,234.6,235.35,8412446,
5,2020-01-08T00:00:00,234.0,235.8,233.25,234.2,7038515,
6,2020-01-09T00:00:00,235.6,236.6,235.05,235.8,9447147,
7,2020-01-10T00:00:00,237.6,238.75,236.8,238.0,9970589,
8,2020-01-13T00:00:00,238.5,240.5,238.25,239.25,12236615,
9,2020-01-14T00:00:00,240.25,243.8,238.3,243.25,11829178,
10,2020-01-15T00:00:00,242.55,243.0,241.1,242.4,5475255,
11,2020-01-16T00:00:00,242.5,243.9,240.1,240.75,9365467,
12,2020-01-17T00:00:00,240.75,242.1,239.4,239.95,7384660,
13,2020-01-20T00:00:00,240.05,243.25,240.05,241.9,8019231,
14,2020-01-21T00:00:00,241.45,241.45,238.0,238.45,9565832,
15,2020-01-22T00:00:00,239.6,239.6,237.1,238.05,7654537,
16,2020-01-23T00:00:00,238.1,238.75,236.9,237.9,6114980,
17,2020-01-24T00:00:00,237.4,239.1,237.0,238.15,6799286,
18,2020-01-27T00:00:00,237.0,237.4,234.3,234.6,6829776,
19,2020-01-28T00:00:00,234.75,235.9,230.5,230.75,14574795,
20,2020-01-29T00:00:00,231.5,237.65,231.15,236.65,20468558,
21,2020-01-30T00:00:00,236.95,236.95,233.0,234.05,10385228,
22,2020-01-31T00:00:00,235.75,238.4,234.05,235.15,18445516,
23,2020-02-01T00:00:00,236.9,239.25,215.5,219.0,42268029,
24,2020-02-03T00:00:00,215.0,216.9,205.0,207.6,79752390,
25,2020-02-04T00:00:00,210.8,217.6,209.15,215.65,35761220,
26,2020-02-05T00:00:00,216.3,217.5,211.5,216.45,21246590,
27,2020-02-06T00:00:00,218.0,219.9,211.8,213.55,27377462,
28,2020-02-07T00:00:00,213.8,215.7,212.75,213.4,17110757,
29,2020-02-10T00:00:00,214.0,214.05,210.05,210.55,9600839,
30,2020-02-11T00:00:00,216.5,216.95,211.8,212.6,29785773,
31,2020-02-12T00:00:00,213.4,214.8,211.8,213.05,9923684,
32,2020-02-13T00:00:00,213.05,213.45,211.2,211.9,9148500,
33,2020-02-14T00:00:00,212.25,212.9,206.8,207.7,13724742,
34,2020-02-17T00:00:00,208.0,208.65,204.0,204.8,15546609,
35,2020-02-18T00:00:00,204.55,204.6,200.5,203.85,20916500,
36,2020-02-19T00:00:00,205.25,207.15,203.85,206.7,9049707,
37,2020-02-20T00:00:00,207.0,208.55,205.45,207.45,15584170,
38,2020-02-24T00:00:00,207.0,207.45,201.8,203.0,16583444,
39,2020-02-25T00:00:00,203.8,205.4,201.5,201.8,15302104,
40,2020-02-26T00:00:00,200.65,201.95,196.3,198.6,17859252,
41,2020-02-27T00:00:00,198.4,199.15,195.9,197.55,17246965,
42,2020-02-28T00:00:00,195.0,199.9,192.05,197.55,32619695,
43,2020-03-02T00:00:00,199.5,203.45,193.65,195.3,18551532,
44,2020-03-03T00:00:00,197.0,197.45,192.55,193.85,17947419,
45,2020-03-04T00:00:00,194.95,195.55,186.55,187.5,27649796,
46,2020-03-05T00:00:00,187.55,191.2,186.55,188.05,20017167,
47,2020-03-06T00:00:00,184.85,184.85,179.75,181.75,26755897,
48,2020-03-09T00:00:00,179.0,179.0,174.5,177.2,21784483,
49,2020-03-11T00:00:00,174.0,176.75,172.35,175.65,27957740,
50,2020-03-12T00:00:00,169.0,169.15,150.55,155.8,51632907,
51,2020-03-13T00:00:00,150.0,164.0,134.6,162.25,61592027,
52,2020-03-16T00:00:00,158.0,158.1,145.25,147.25,33226963,
53,2020-03-17T00:00:00,148.0,155.8,146.05,149.15,47633992,
54,2020-03-18T00:00:00,152.1,154.65,147.35,150.7,49851209,
55,2020-03-19T00:00:00,150.7,163.55,144.75,161.85,88661830,
56,2020-03-20T00:00:00,165.1,176.5,165.1,175.5,61997657,
57,2020-03-23T00:00:00,158.0,162.0,149.2,154.3,51354137,
58,2020-03-24T00:00:00,162.95,163.7,147.4,149.7,52524752,
59,2020-03-25T00:00:00,151.0,152.0,139.0,147.35,62491506,
60,2020-03-26T00:00:00,150.0,159.4,143.25,156.4,58431626,
61,2020-03-27T00:00:00,162.0,166.0,155.0,163.2,32636110,
62,2020-03-30T00:00:00,156.05,164.9,156.05,159.2,28111713,
63,2020-03-31T00:00:00,164.0,173.85,161.55,171.7,42625374,
64,2020-04-01T00:00:00,171.7,172.75,164.55,166.4,18131740,
65,2020-04-03T00:00:00,167.9,182.75,167.0,177.9,62861107,
66,2020-04-07T00:00:00,185.7,185.7,173.65,181.55,36107948,
67,2020-04-08T00:00:00,180.85,184.0,176.65,178.65,37560922,
68,2020-04-09T00:00:00,184.0,186.25,180.0,185.25,42609126,
69,2020-04-13T00:00:00,184.5,186.65,181.05,181.6,17728719,
70,2020-04-15T00:00:00,184.05,193.75,182.7,189.35,49084440,
71,2020-04-16T00:00:00,189.65,191.2,185.45,186.35,27100460,
72,2020-04-17T00:00:00,190.45,191.4,186.95,188.1,26669275,
73,2020-04-20T00:00:00,189.95,189.95,179.5,180.7,35763037,
74,2020-04-21T00:00:00,178.0,184.3,176.05,179.6,23328728,
75,2020-04-22T00:00:00,179.0,183.55,176.0,182.25,25149769,
76,2020-04-23T00:00:00,182.95,184.0,179.65,180.55,32968244,
77,2020-04-24T00:00:00,181.0,182.8,179.3,180.05,18050079,
78,2020-04-27T00:00:00,180.25,182.3,179.3,179.85,13084545,
79,2020-04-28T00:00:00,180.0,180.8,178.05,179.45,17798020,
80,2020-04-29T00:00:00,180.5,182.9,179.65,182.15,21454518,
81,2020-04-30T00:00:00,184.9,184.9,180.45,182.05,30148709,
82,2020-05-04T00:00:00,181.75,181.75,170.65,174.05,30269435,
83,2020-05-05T00:00:00,175.0,177.45,172.0,173.9,17700638,
84,2020-05-06T00:00:00,171.4,171.4,160.5,163.9,65557186,
85,2020-05-07T00:00:00,164.0,165.85,160.5,161.0,24242425,
86,2020-05-08T00:00:00,163.95,164.15,157.1,158.25,25298754,
87,2020-05-11T00:00:00,160.0,163.5,158.0,158.45,18080301,
88,2020-05-12T00:00:00,158.45,165.9,157.5,165.05,21384181,
89,2020-05-13T00:00:00,173.4,173.6,164.5,165.4,19995911,
90,2020-05-14T00:00:00,164.5,168.25,161.95,163.8,14948345,
91,2020-05-15T00:00:00,162.2,165.5,161.15,164.65,14941970,
92,2020-05-18T00:00:00,166.0,167.3,163.15,164.75,20789128,
93,2020-05-19T00:00:00,166.5,171.65,165.1,170.75,20138330,
94,2020-05-20T00:00:00,171.95,177.0,171.0,175.75,25320347,
95,2020-05-21T00:00:00,175.6,190.45,172.65,188.95,58364914,
96,2020-05-22T00:00:00,188.0,191.9,184.6,186.35,39006035,
97,2020-05-26T00:00:00,190.0,194.95,187.8,191.7,53206282,
98,2020-05-27T00:00:00,192.5,193.9,186.9,192.15,24533546,
99,2020-05-28T00:00:00,192.3,192.9,189.0,190.65,24572480,
100,2020-05-29T00:00:00,190.45,198.0,189.0,197.35,35819841,
101,2020-06-01T00:00:00,201.0,205.25,199.0,200.55,28463422,
102,2020-06-02T00:00:00,201.9,201.9,196.7,197.25,21796039,
103,2020-06-03T00:00:00,200.0,200.9,195.6,196.7,18959794,
104,2020-06-04T00:00:00,197.75,202.5,195.0,200.15,21975735,
105,2020-06-05T00:00:00,201.8,202.0,198.65,200.0,14632549,
106,2020-06-08T00:00:00,202.9,203.65,197.0,197.65,19498353,
107,2020-06-09T00:00:00,198.25,206.2,197.65,198.5,39880460,
108,2020-06-10T00:00:00,199.45,203.15,198.3,199.05,27187829,
109,2020-06-11T00:00:00,200.0,201.25,193.6,194.25,19838344,
110,2020-06-12T00:00:00,188.95,195.2,187.85,193.9,22556294,
111,2020-06-15T00:00:00,193.9,193.95,186.3,187.2,24450778,
112,2020-06-16T00:00:00,190.8,190.95,181.9,185.0,27623976,
113,2020-06-17T00:00:00,184.0,185.0,180.7,181.2,23995960,
114,2020-06-18T00:00:00,181.2,187.5,180.7,186.6,28878109,
115,2020-06-19T00:00:00,187.1,187.95,183.6,184.05,30522433,
116,2020-06-22T00:00:00,186.5,187.5,183.15,185.0,31374168,
117,2020-06-23T00:00:00,185.4,187.5,184.75,185.85,26523798,
118,2020-06-24T00:00:00,187.4,194.7,186.15,191.85,54680153,
119,2020-06-25T00:00:00,192.25,203.5,191.65,202.1,75560404,
120,2020-06-26T00:00:00,206.0,209.4,193.3,195.2,71896345,
121,2020-06-29T00:00:00,202.5,203.0,196.2,197.25,91454964,
122,2020-06-29T00:00:00,202.5,203.0,196.2,197.25,91454964,
123,2020-06-30T00:00:00,199.4,199.4,194.0,194.65,41193546,
124,2020-07-01T00:00:00,194.65,203.85,194.65,202.9,44149865,
125,2020-07-02T00:00:00,204.45,206.75,202.55,205.85,39314784,
126,2020-07-03T00:00:00,208.0,208.5,206.0,207.55,37594232,
127,2020-07-06T00:00:00,200.35,201.95,198.95,199.8,34589730,
128,2020-07-07T00:00:00,200.0,200.5,194.0,194.25,31236264,
129,2020-07-08T00:00:00,194.25,197.95,194.25,196.3,21245533,
130,2020-07-09T00:00:00,196.9,196.9,194.15,195.45,18771449,
131,2020-07-10T00:00:00,195.15,196.5,194.0,194.35,16194549,
132,2020-07-13T00:00:00,195.9,198.75,195.1,197.55,20286171,
133,2020-07-14T00:00:00,197.4,199.5,192.75,195.9,18493379,
134,2020-07-15T00:00:00,196.35,200.0,194.5,198.7,23762373,
135,2020-07-16T00:00:00,198.7,198.85,192.0,193.85,21900452,
136,2020-07-17T00:00:00,193.3,195.4,193.0,194.05,14868642,
137,2020-07-20T00:00:00,195.0,195.05,192.35,192.7,18919424,
138,2020-07-21T00:00:00,192.1,194.2,191.5,192.25,27991837,
139,2020-07-22T00:00:00,193.0,197.9,192.5,196.55,32548191,
140,2020-07-23T00:00:00,197.65,201.5,196.8,200.7,31473842,
141,2020-07-24T00:00:00,201.0,201.7,197.3,199.6,60137894,
142,2020-07-27T00:00:00,200.5,200.5,195.15,196.4,22619813,
143,2020-07-28T00:00:00,197.0,198.65,195.05,195.4,19283370,
144,2020-07-29T00:00:00,193.45,198.2,193.4,196.7,14779759,
145,2020-07-30T00:00:00,198.4,198.4,192.5,193.35,16301984,
146,2020-07-31T00:00:00,193.5,196.95,193.5,194.15,16635529,
147,2020-08-03T00:00:00,194.0,194.0,191.9,192.6,13260595,
148,2020-08-04T00:00:00,192.6,195.8,192.6,193.65,17177569,
149,2020-08-05T00:00:00,194.5,194.55,191.7,192.8,48777194,
150,2020-08-06T00:00:00,194.2,195.6,193.1,195.35,17906408,
151,2020-08-07T00:00:00,195.5,197.0,194.15,196.05,20928537,
152,2020-08-10T00:00:00,196.4,199.65,196.4,198.85,16470461,
153,2020-08-11T00:00:00,200.0,207.7,200.0,203.05,55143100,
154,2020-08-12T00:00:00,202.5,204.9,200.4,204.2,21273918,
155,2020-08-13T00:00:00,203.5,204.2,197.1,201.45,22687690,
156,2020-08-14T00:00:00,201.6,203.35,195.5,196.4,28758363,
157,2020-08-17T00:00:00,198.05,199.5,196.85,198.75,11735896,
158,2020-08-18T00:00:00,199.9,199.9,197.25,198.55,12482645,
159,2020-08-19T00:00:00,198.6,201.7,198.1,198.45,15469549,
160,2020-08-20T00:00:00,197.0,197.2,194.55,195.8,16906796,
161,2020-08-21T00:00:00,198.0,199.2,196.3,196.8,17222929,
162,2020-08-24T00:00:00,197.25,199.0,196.35,196.7,14732037,
163,2020-08-25T00:00:00,197.25,198.3,195.1,195.4,15193128,
164,2020-08-26T00:00:00,196.5,196.5,193.65,194.95,22641241,
165,2020-08-27T00:00:00,198.5,198.9,193.9,194.25,47170326,
166,2020-08-28T00:00:00,194.6,196.3,194.05,195.55,34623680,
167,2020-08-31T00:00:00,199.0,199.0,190.0,191.1,96900948,
168,2020-09-01T00:00:00,191.1,192.35,188.25,190.2,39749816,
169,2020-09-02T00:00:00,191.3,193.0,189.65,191.35,20572818,
170,2020-09-03T00:00:00,191.4,193.25,190.0,191.6,15686565,
171,2020-09-04T00:00:00,190.0,190.0,185.7,186.7,41254816,
172,2020-09-07T00:00:00,187.25,190.5,180.8,189.1,32663516,
173,2020-09-08T00:00:00,189.6,190.55,184.6,188.15,25584722,
174,2020-09-09T00:00:00,185.5,186.25,182.3,183.8,27818623,
175,2020-09-10T00:00:00,184.1,185.7,183.2,184.9,17782326,
176,2020-09-11T00:00:00,184.9,186.5,182.75,183.95,19240714,
177,2020-09-14T00:00:00,185.8,185.85,183.0,183.35,30992810,
178,2020-09-15T00:00:00,184.0,184.2,180.8,181.8,30753379,
179,2020-09-16T00:00:00,181.85,183.5,180.05,180.65,50614497,
180,2020-09-17T00:00:00,180.8,181.5,177.8,178.6,33905278,
181,2020-09-18T00:00:00,179.55,179.85,177.0,179.1,29766446,
182,2020-09-21T00:00:00,180.0,180.6,175.05,175.75,23879004,
183,2020-09-22T00:00:00,175.75,176.25,173.75,174.2,18592890,
184,2020-09-23T00:00:00,174.95,177.55,171.7,172.5,61769444,
185,2020-09-24T00:00:00,171.7,171.75,166.15,166.55,31480901,
186,2020-09-25T00:00:00,168.9,171.2,167.0,170.75,26612263,
187,2020-09-28T00:00:00,171.0,174.8,170.5,173.3,23186551,
188,2020-09-29T00:00:00,174.75,174.75,169.0,169.4,25261466,
189,2020-09-30T00:00:00,170.0,172.1,168.7,171.7,18291331,
190,2020-10-01T00:00:00,174.5,174.6,170.1,170.85,19647816,
191,2020-10-05T00:00:00,171.1,172.8,168.75,169.25,24285837,
192,2020-10-06T00:00:00,169.5,171.6,168.1,169.9,21874385,
193,2020-10-07T00:00:00,170.0,170.9,169.0,169.5,16255959,
194,2020-10-08T00:00:00,170.1,170.4,166.9,167.15,25486856,
195,2020-10-09T00:00:00,167.5,168.9,166.35,167.85,22361699,
196,2020-10-12T00:00:00,170.5,175.2,170.0,172.2,65770235,
197,2020-10-13T00:00:00,172.85,174.85,169.5,170.15,35336843,
198,2020-10-14T00:00:00,170.55,171.0,167.05,167.8,38177804,
199,2020-10-15T00:00:00,167.7,167.8,164.55,165.05,27065757,
200,2020-10-16T00:00:00,165.5,166.8,163.8,165.7,20218059,
201,2020-10-19T00:00:00,166.8,168.9,166.15,168.25,18992067,
202,2020-10-20T00:00:00,168.0,168.3,166.7,167.45,16144973,
203,2020-10-21T00:00:00,168.15,168.9,166.6,167.65,16515053,
204,2020-10-22T00:00:00,167.55,169.1,167.0,168.55,22037236,
205,2020-10-23T00:00:00,168.95,171.0,167.75,170.75,20131460,
206,2020-10-26T00:00:00,171.5,171.6,168.25,168.55,16067046,
207,2020-10-27T00:00:00,168.5,169.3,166.75,167.2,45910226,
208,2020-10-28T00:00:00,168.5,168.5,165.0,165.5,16796291,
209,2020-10-29T00:00:00,165.0,165.95,163.45,163.85,20990323,
210,2020-10-30T00:00:00,164.0,166.8,163.35,165.25,16343106,
211,2020-11-02T00:00:00,166.8,167.2,164.45,166.75,14361018,
212,2020-11-03T00:00:00,167.2,170.75,167.1,170.1,22278956,
213,2020-11-04T00:00:00,170.05,171.8,168.2,169.8,18797397,
214,2020-11-05T00:00:00,171.25,175.0,170.2,174.75,26989879,
215,2020-11-06T00:00:00,176.5,177.2,173.4,173.95,34150930,
216,2020-11-09T00:00:00,173.95,177.3,171.85,172.8,35272201,
217,2020-11-10T00:00:00,175.0,179.55,171.85,178.35,57431444,
218,2020-11-11T00:00:00,179.6,185.9,178.6,185.3,63319826,
219,2020-11-12T00:00:00,185.2,188.75,183.85,188.0,46361506,
220,2020-11-13T00:00:00,187.2,188.8,185.55,187.1,28192803,
221,2020-11-14T00:00:00,188.6,190.0,188.05,188.6,7755756,
222,2020-11-17T00:00:00,189.0,189.4,186.4,187.35,20981265,
223,2020-11-18T00:00:00,186.8,188.45,182.75,184.05,26624413,
224,2020-11-19T00:00:00,182.8,191.8,182.7,187.9,48979680,
225,2020-11-20T00:00:00,188.8,192.0,186.05,191.7,45284111,
226,2020-11-23T00:00:00,192.0,192.5,188.65,190.85,23171668,
227,2020-11-24T00:00:00,190.6,196.45,190.6,195.55,45411684,
228,2020-11-25T00:00:00,196.0,197.95,192.5,193.85,41653879,
229,2020-11-26T00:00:00,195.1,195.85,192.55,194.8,24221752,
230,2020-11-27T00:00:00,194.45,195.75,193.2,193.65,31363471,
231,2020-12-01T00:00:00,195.0,196.35,192.4,194.4,15880128,
232,2020-12-02T00:00:00,195.0,198.75,193.55,195.95,28417938,
233,2020-12-03T00:00:00,197.2,197.2,194.55,196.2,28003447,
234,2020-12-04T00:00:00,196.85,199.35,196.5,198.2,22167101,
235,2020-12-07T00:00:00,198.2,203.75,197.6,203.15,35692468,
236,2020-12-08T00:00:00,203.9,204.7,199.55,202.45,30884218,
237,2020-12-09T00:00:00,205.0,207.8,204.65,205.4,39684577,
238,2020-12-10T00:00:00,206.65,213.65,203.15,212.7,65214729,
239,2020-12-11T00:00:00,214.45,217.95,213.35,216.3,60308826,
240,2020-12-14T00:00:00,217.95,218.6,215.0,215.9,26978100,
241,2020-12-15T00:00:00,215.25,216.4,211.6,213.55,23233298,
242,2020-12-16T00:00:00,213.75,215.55,213.5,214.0,19548572,
243,2020-12-17T00:00:00,214.2,215.1,211.25,213.05,22386187,
244,2020-12-18T00:00:00,213.1,215.95,209.75,214.5,23756745,
245,2020-12-21T00:00:00,214.5,214.7,199.15,202.95,41834198,
246,2020-12-22T00:00:00,203.1,206.25,196.9,203.4,40986356,
247,2020-12-23T00:00:00,203.0,208.25,202.0,207.75,23880627,
248,2020-12-24T00:00:00,210.0,210.65,205.6,208.6,22766371,
249,2020-12-28T00:00:00,209.0,210.2,207.85,209.5,15740994,
250,2020-12-29T00:00:00,210.5,213.5,210.1,211.55,26545852,
251,2020-12-30T00:00:00,212.7,213.5,209.55,211.15,18868322,
252,2020-12-31T00:00:00,210.55,211.3,208.55,209.0,18276075,
253,2021-01-01T00:00:00,209.9,214.2,209.3,213.85,19516116,
254,2021-01-04T00:00:00,214.0,216.0,212.1,213.4,26879995,
255,2021-01-05T00:00:00,212.45,213.25,210.6,211.45,18024085,
256,2021-01-06T00:00:00,211.45,211.5,204.5,205.4,49067839,
257,2021-01-07T00:00:00,206.1,207.6,202.1,202.8,34952404,
258,2021-01-08T00:00:00,204.35,206.0,200.25,201.5,56419503,
259,2021-01-11T00:00:00,204.0,206.1,201.25,202.5,42939878,
260,2021-01-12T00:00:00,203.0,206.9,201.6,206.45,35708586,
261,2021-01-13T00:00:00,207.45,213.0,205.25,211.25,63904415,
262,2021-01-14T00:00:00,212.0,216.5,211.6,214.15,48304266,
263,2021-01-15T00:00:00,214.9,218.5,211.2,217.85,58321161,
264,2021-01-18T00:00:00,218.4,222.0,214.6,219.75,67607824,
265,2021-01-19T00:00:00,221.0,221.7,217.5,218.85,31771760,
266,2021-01-20T00:00:00,218.5,219.0,215.7,217.65,44705367,
267,2021-01-21T00:00:00,219.0,219.5,212.2,213.7,28981992,
268,2021-01-22T00:00:00,214.0,214.75,209.15,210.7,24712184,
269,2021-01-25T00:00:00,212.0,212.5,206.85,207.8,24967901,
270,2021-01-27T00:00:00,208.0,212.65,207.1,210.65,48461267,
271,2021-01-28T00:00:00,209.25,211.0,205.75,206.6,22131985,
272,2021-01-29T00:00:00,208.55,208.8,202.35,203.25,23746625,
273,2021-02-01T00:00:00,204.0,217.95,201.8,215.95,57744416,
274,2021-02-02T00:00:00,220.0,223.5,217.0,218.2,48457784,
275,2021-02-03T00:00:00,221.5,222.0,215.7,216.75,53626290,
276,2021-02-04T00:00:00,216.1,231.4,216.0,229.95,105818900,
277,2021-02-05T00:00:00,232.15,238.85,227.25,234.35,125437011,
278,2021-02-08T00:00:00,237.5,238.05,231.5,233.1,41495837,
279,2021-02-09T00:00:00,234.6,239.2,228.2,229.0,70630014,
280,2021-02-10T00:00:00,229.0,231.1,223.1,227.55,47283130,
281,2021-02-11T00:00:00,229.0,229.3,224.5,226.45,43628592,
282,2021-02-12T00:00:00,225.75,225.75,215.8,217.45,110548743,
283,2021-02-15T00:00:00,218.45,221.0,217.5,218.6,31766055,
284,2021-02-16T00:00:00,219.05,221.8,217.25,218.25,29138738,
285,2021-02-17T00:00:00,217.6,218.4,216.55,217.75,19850518,
286,2021-02-18T00:00:00,218.2,220.6,217.9,218.85,24048081,
287,2021-02-19T00:00:00,218.85,218.9,214.0,215.95,28117631,
288,2021-02-22T00:00:00,212.0,212.0,206.0,207.05,51502314,
289,2021-02-23T00:00:00,208.0,210.55,207.0,208.5,26667584,
290,2021-02-24T00:00:00,209.1,209.8,206.5,208.85,13155033,
291,2021-02-25T00:00:00,209.5,211.2,208.8,209.15,25954145,
292,2021-02-26T00:00:00,207.25,208.0,203.0,203.85,43381360,
293,2021-03-01T00:00:00,205.45,207.75,204.05,206.9,16216382,
294,2021-03-02T00:00:00,207.0,210.8,206.5,209.9,25667647,
295,2021-03-03T00:00:00,212.0,212.0,208.8,209.95,20831395,
296,2021-03-04T00:00:00,208.8,211.3,207.6,209.7,24899215,
297,2021-03-05T00:00:00,208.0,210.0,207.2,208.55,17314504,
298,2021-03-08T00:00:00,209.7,210.8,207.7,208.0,22971091,
299,2021-03-09T00:00:00,208.7,209.75,204.75,207.8,22583235,
300,2021-03-10T00:00:00,209.1,209.2,205.8,206.5,19577820,
301,2021-03-12T00:00:00,208.0,208.0,203.5,205.2,30764024,
302,2021-03-15T00:00:00,205.85,206.0,201.6,205.45,41102302,
303,2021-03-16T00:00:00,206.4,208.9,204.95,207.85,48763190,
304,2021-03-17T00:00:00,212.2,213.9,208.55,210.6,78935242,
305,2021-03-18T00:00:00,213.0,219.1,211.9,217.65,91979340,
306,2021-03-19T00:00:00,219.0,226.15,215.55,222.95,134147345,
307,2021-03-22T00:00:00,223.3,226.4,221.5,226.0,46043050,
308,2021-03-23T00:00:00,225.0,228.1,221.3,222.2,41546093,
309,2021-03-24T00:00:00,221.0,222.8,215.25,215.95,27609246,
310,2021-03-25T00:00:00,215.15,215.95,209.05,211.6,40666022,
311,2021-03-26T00:00:00,214.25,214.45,210.35,210.9,26060787,
312,2021-03-30T00:00:00,213.25,215.0,210.4,214.55,27777501,
313,2021-03-31T00:00:00,214.05,219.3,212.7,218.5,36469605,
314,2021-04-01T00:00:00,220.0,220.6,217.3,220.05,29049377,
315,2021-04-05T00:00:00,217.6,220.0,210.5,212.55,31287160,
316,2021-04-06T00:00:00,213.8,214.95,210.15,212.65,25666135,
317,2021-04-07T00:00:00,212.7,215.2,212.45,213.8,15198188,
318,2021-04-08T00:00:00,214.85,216.1,212.85,213.25,14111295,
319,2021-04-09T00:00:00,213.75,215.95,212.55,213.1,16356091,
320,2021-04-12T00:00:00,210.0,211.0,205.0,205.3,34494656,
321,2021-04-13T00:00:00,207.0,209.7,206.0,208.7,20235917,
322,2021-04-15T00:00:00,209.0,210.45,206.0,206.7,17523733,
323,2021-04-16T00:00:00,208.0,209.25,206.5,207.95,13286560,
324,2021-04-19T00:00:00,205.0,206.1,203.75,205.6,15807254,
325,2021-04-20T00:00:00,206.2,207.0,202.5,203.55,21351027,
326,2021-04-22T00:00:00,202.0,206.3,200.55,205.9,23135761,
327,2021-04-23T00:00:00,204.25,207.0,204.25,205.35,19611214,
328,2021-04-26T00:00:00,205.8,206.75,204.7,205.3,19874790,
329,2021-04-27T00:00:00,205.3,206.95,205.05,205.4,11430098,
330,2021-04-28T00:00:00,206.0,206.5,205.3,205.5,12708024,
331,2021-04-29T00:00:00,207.1,207.55,204.05,204.3,13086966,
332,2021-04-30T00:00:00,203.9,205.7,202.0,202.6,16485504,
333,2021-05-03T00:00:00,201.2,201.85,200.0,200.95,20606254,
334,2021-05-04T00:00:00,201.2,202.35,199.1,199.6,18248372,
335,2021-05-05T00:00:00,201.45,202.0,199.5,201.4,13858907,
336,2021-05-06T00:00:00,202.3,205.95,202.1,202.75,14306782,
337,2021-05-07T00:00:00,202.95,206.45,202.95,205.35,19452600,
338,2021-05-10T00:00:00,207.15,207.45,205.0,205.55,16320853,
339,2021-05-11T00:00:00,203.9,206.5,203.75,204.0,13739464,
340,2021-05-12T00:00:00,203.9,205.25,202.85,203.25,16537615,
341,2021-05-14T00:00:00,205.0,213.2,204.0,212.25,61609634,
342,2021-05-17T00:00:00,216.8,217.0,211.65,212.6,37984791,
343,2021-05-18T00:00:00,214.1,214.6,209.65,210.05,30479554,
344,2021-05-19T00:00:00,210.05,211.4,207.55,207.75,24384155,
345,2021-05-20T00:00:00,208.45,209.3,206.8,207.0,20873244,
346,2021-05-21T00:00:00,207.6,209.85,207.4,209.05,22638022,
347,2021-05-24T00:00:00,209.5,212.05,207.75,211.5,28845193,
348,2021-05-25T00:00:00,213.0,213.4,210.25,210.9,25334881,
349,2021-05-26T00:00:00,211.8,212.45,210.3,210.6,17559949,
350,2021-05-27T00:00:00,211.0,214.15,210.3,211.15,47519424,
351,2021-05-28T00:00:00,212.5,213.5,211.55,212.9,25585058,
352,2021-05-31T00:00:00,215.0,217.9,214.4,216.6,73014011,
353,2021-06-01T00:00:00,218.0,219.4,214.25,215.25,38734401,
354,2021-06-02T00:00:00,210.5,212.45,208.6,209.0,96654994,
355,2021-06-03T00:00:00,210.75,210.75,208.7,209.05,46635131,
356,2021-06-04T00:00:00,209.5,209.7,208.0,208.75,30104323,
357,2021-06-07T00:00:00,210.4,212.4,210.2,211.45,31433283,
358,2021-06-08T00:00:00,212.2,214.25,211.2,213.65,21261364,
359,2021-06-09T00:00:00,214.0,214.75,211.5,212.5,24887927,
360,2021-06-10T00:00:00,208.7,211.4,207.5,209.3,30711598,
361,2021-06-11T00:00:00,210.3,210.45,207.75,207.9,21366258,
362,2021-06-14T00:00:00,207.95,208.45,205.2,207.3,17677891,
363,2021-06-15T00:00:00,207.55,208.4,207.0,207.05,14835445,
364,2021-06-16T00:00:00,207.05,209.35,207.05,207.85,20104246,
365,2021-06-17T00:00:00,206.95,208.0,205.0,205.65,21463860,
366,2021-06-18T00:00:00,206.0,206.45,202.5,204.55,23551101,
367,2021-06-21T00:00:00,203.1,206.0,202.4,204.45,19062780,
368,2021-06-22T00:00:00,206.1,206.25,204.35,205.1,18054297,
369,2021-06-23T00:00:00,205.65,205.85,203.6,203.95,12563445,
370,2021-06-24T00:00:00,204.45,204.65,202.55,203.25,22444265,
371,2021-06-24T00:00:00,204.45,204.65,202.55,203.25,22444265,
372,2021-06-25T00:00:00,204.0,205.6,203.75,205.05,13858711,
373,2021-06-28T00:00:00,205.9,205.9,203.35,203.6,14597112,
374,2021-06-29T00:00:00,203.6,205.3,203.15,203.3,13307177,
375,2021-06-30T00:00:00,204.3,204.4,202.55,202.7,15946174,
376,2021-07-01T00:00:00,202.9,203.8,202.15,203.0,10179189,
377,2021-07-02T00:00:00,203.3,203.7,202.25,202.4,12700562,
378,2021-07-05T00:00:00,203.0,204.1,202.7,203.65,10248252,
379,2021-07-06T00:00:00,203.25,203.8,202.25,202.5,11088662,
380,2021-07-07T00:00:00,202.5,205.2,202.3,203.75,17858157,
381,2021-07-08T00:00:00,203.5,204.5,201.8,202.0,20888867,
382,2021-07-09T00:00:00,202.0,202.35,200.9,201.35,11834047,
383,2021-07-12T00:00:00,202.0,202.55,200.95,201.1,13085326,
384,2021-07-13T00:00:00,202.0,202.2,201.35,201.85,10830413,
385,2021-07-14T00:00:00,201.85,205.15,201.7,204.1,20459964,
386,2021-07-15T00:00:00,204.4,208.5,202.9,206.25,28869383,
387,2021-07-16T00:00:00,207.7,209.65,207.2,207.9,29019827,
388,2021-07-19T00:00:00,206.8,209.5,206.35,207.75,16442828,
389,2021-07-20T00:00:00,208.2,209.3,206.4,206.8,23638251,
390,2021-07-22T00:00:00,207.0,208.25,205.85,207.0,18311540,
391,2021-07-23T00:00:00,207.0,213.6,206.5,212.4,44502422,
392,2021-07-26T00:00:00,214.0,215.35,210.8,211.15,47263774,
393,2021-07-27T00:00:00,212.0,213.0,207.95,208.65,24422919,
394,2021-07-28T00:00:00,208.3,210.0,207.45,209.1,14736843,
395,2021-07-29T00:00:00,209.1,210.2,205.65,206.05,15603736,
396,2021-07-30T00:00:00,206.1,207.1,204.6,204.95,14904142,
397,2021-08-02T00:00:00,206.45,207.5,205.45,207.3,9663089,
398,2021-08-03T00:00:00,207.5,210.9,206.45,209.9,18429615,
399,2021-08-04T00:00:00,210.9,211.1,208.1,208.6,10998262,
400,2021-08-05T00:00:00,208.6,216.75,206.9,215.25,47144937,
401,2021-08-06T00:00:00,215.4,216.0,212.6,214.25,23570515,
402,2021-08-09T00:00:00,215.0,217.15,212.7,213.8,20353437,
403,2021-08-10T00:00:00,214.0,214.45,208.55,209.85,18155929,
404,2021-08-11T00:00:00,209.85,210.6,207.45,208.65,15418636,
405,2021-08-12T00:00:00,210.25,214.2,208.35,208.9,27692211,
406,2021-08-13T00:00:00,209.85,212.3,209.2,211.45,18834260,
407,2021-08-16T00:00:00,211.4,213.25,210.5,210.9,11184422,
408,2021-08-17T00:00:00,210.8,211.5,208.8,209.2,7847505,
409,2021-08-18T00:00:00,209.6,211.5,208.35,208.95,10735661,
410,2021-08-20T00:00:00,207.0,210.7,206.7,208.9,19418469,
411,2021-08-23T00:00:00,209.5,210.2,206.0,206.3,9921795,
412,2021-08-24T00:00:00,207.0,207.0,204.7,205.75,12481341,
413,2021-08-25T00:00:00,206.4,207.9,206.0,206.4,10572299,
414,2021-08-26T00:00:00,206.4,206.85,204.35,204.6,14723764,
415,2021-08-27T00:00:00,205.0,206.85,204.9,205.9,10461205,
416,2021-08-30T00:00:00,206.0,208.2,206.0,208.0,12077798,
417,2021-08-31T00:00:00,208.05,211.6,207.25,211.3,25799217,
418,2021-09-01T00:00:00,211.0,212.3,209.3,209.5,16241963,
419,2021-09-02T00:00:00,209.0,211.5,209.0,209.75,14313929,
420,2021-09-03T00:00:00,209.75,211.25,209.75,210.6,10222142,
421,2021-09-06T00:00:00,211.0,211.2,209.05,209.05,10643869,
422,2021-09-07T00:00:00,210.9,214.35,210.15,211.75,37471058,
423,2021-09-08T00:00:00,212.25,213.0,209.7,211.25,17218447,
424,2021-09-09T00:00:00,211.05,213.9,210.55,212.65,19023176,
425,2021-09-13T00:00:00,213.35,215.15,211.8,214.15,16025363,
426,2021-09-14T00:00:00,214.9,217.25,214.2,216.1,19617201,
427,2021-09-15T00:00:00,217.1,217.2,215.3,216.0,20231272,
428,2021-09-16T00:00:00,216.95,233.65,216.3,230.75,149203348,
429,2021-09-17T00:00:00,233.0,237.3,229.1,231.15,79432936,
430,2021-09-20T00:00:00,231.0,239.35,230.25,233.75,70328407,
431,2021-09-21T00:00:00,234.95,242.45,231.7,241.5,56566275,
432,2021-09-22T00:00:00,243.5,245.8,240.7,243.5,52601170,
433,2021-09-23T00:00:00,245.0,245.6,241.7,242.5,21767356,
434,2021-09-24T00:00:00,244.0,244.0,237.7,238.45,24805082,
435,2021-09-27T00:00:00,239.8,241.85,235.5,238.7,22874596,
436,2021-09-28T00:00:00,239.85,241.6,236.3,237.75,15695839,
437,2021-09-29T00:00:00,236.0,241.4,235.7,238.1,15462366,
438,2021-09-30T00:00:00,239.9,240.4,235.25,236.15,16340997,
439,2021-10-01T00:00:00,235.2,237.0,232.9,235.35,15946019,
440,2021-10-04T00:00:00,236.0,238.35,235.4,236.6,10682145,
441,2021-10-05T00:00:00,236.4,237.45,234.5,234.7,9215825,
442,2021-10-06T00:00:00,234.8,236.4,230.6,231.25,17540194,
443,2021-10-07T00:00:00,233.0,234.95,232.3,232.95,10367228,
444,2021-10-08T00:00:00,234.75,234.8,231.2,231.7,9726064,
445,2021-10-11T00:00:00,232.0,239.5,231.7,238.05,21168420,
446,2021-10-12T00:00:00,238.6,243.0,238.0,241.3,29200288,
447,2021-10-13T00:00:00,242.55,250.9,240.15,249.2,50159628,
448,2021-10-14T00:00:00,253.25,261.85,250.35,256.55,85350562,
449,2021-10-18T00:00:00,261.0,265.3,257.35,262.55,60292904,
450,2021-10-19T00:00:00,261.4,262.55,245.05,245.95,59061769,
451,2021-10-20T00:00:00,245.95,248.5,242.35,246.6,47822168,
452,2021-10-21T00:00:00,248.0,248.35,243.1,244.7,22518730,
453,2021-10-22T00:00:00,244.7,245.8,233.7,236.6,35522315,
454,2021-10-25T00:00:00,234.1,236.65,230.5,233.4,22333922,
455,2021-10-26T00:00:00,234.1,239.0,232.6,236.7,18934547,
456,2021-10-27T00:00:00,240.25,241.3,236.2,238.45,25911502,
457,2021-10-28T00:00:00,235.1,235.95,224.15,225.1,46282467,
458,2021-10-29T00:00:00,225.0,228.25,222.3,223.2,26642111,
459,2021-11-01T00:00:00,224.15,227.55,222.5,226.85,23177572,
460,2021-11-02T00:00:00,228.0,229.25,224.5,225.6,14343862,
461,2021-11-03T00:00:00,226.0,226.85,221.7,222.45,17843330,
462,2021-11-04T00:00:00,224.9,227.3,224.0,226.55,7024797,
463,2021-11-08T00:00:00,229.7,230.7,225.7,229.8,20270561,
464,2021-11-09T00:00:00,229.85,230.9,227.85,228.75,11514611,
465,2021-11-10T00:00:00,227.45,232.85,227.2,230.85,13431111,
466,2021-11-11T00:00:00,230.4,231.5,228.55,230.0,8126060,
467,2021-11-12T00:00:00,231.2,233.95,229.15,232.9,11827131,
468,2021-11-15T00:00:00,233.95,239.0,233.1,238.1,38739084,
469,2021-11-16T00:00:00,239.05,239.65,235.0,235.45,14675972,
470,2021-11-17T00:00:00,236.0,245.25,235.65,239.5,46697825,
471,2021-11-18T00:00:00,240.0,243.0,236.3,237.5,20210365,
472,2021-11-22T00:00:00,237.9,240.75,229.55,230.9,22564222,
473,2021-11-23T00:00:00,229.15,232.7,229.15,231.6,13428279,
474,2021-11-24T00:00:00,232.45,232.7,226.95,227.7,14131392,
475,2021-11-25T00:00:00,227.0,232.2,225.75,231.3,23900540,
476,2021-11-26T00:00:00,228.9,230.05,223.1,224.0,27027025,
477,2021-11-29T00:00:00,222.0,223.65,220.2,221.5,22125643,
478,2021-11-30T00:00:00,222.0,225.2,220.0,221.15,23503456,
479,2021-12-01T00:00:00,222.0,223.3,220.6,221.9,12991029,
480,2021-12-02T00:00:00,221.9,226.15,221.3,225.45,15886109,
481,2021-12-03T00:00:00,225.0,226.2,221.35,221.65,13773869,
482,2021-12-06T00:00:00,221.65,222.2,217.5,217.9,13122665,
483,2021-12-07T00:00:00,218.9,221.95,218.1,220.65,8896290,
484,2021-12-08T00:00:00,221.0,225.65,221.0,224.95,9857608,
485,2021-12-09T00:00:00,223.0,236.45,223.0,235.4,38229897,
486,2021-12-10T00:00:00,236.2,238.95,233.75,236.1,35144327,
487,2021-12-13T00:00:00,238.0,238.75,234.15,234.6,22086567,
488,2021-12-14T00:00:00,235.0,237.1,227.55,228.6,37508447,
489,2021-12-15T00:00:00,230.0,232.2,223.4,224.05,34619312,
490,2021-12-16T00:00:00,226.0,226.15,220.8,222.9,24193396,
491,2021-12-17T00:00:00,222.8,222.85,216.75,217.95,29677995,
492,2021-12-20T00:00:00,216.25,216.25,209.8,212.4,37327269,
493,2021-12-21T00:00:00,214.0,215.45,211.05,212.5,19411014,
494,2021-12-21T00:00:00,214.0,215.45,211.05,212.5,19411014,
495,2021-12-22T00:00:00,214.0,214.2,211.1,212.0,17239487,
496,2021-12-23T00:00:00,213.9,218.45,213.2,217.3,22204686,
497,2021-12-24T00:00:00,218.0,220.45,216.45,218.0,16578951,
498,2021-12-27T00:00:00,218.4,218.45,215.65,217.55,8144710,
499,2021-12-28T00:00:00,218.0,220.6,218.0,220.05,11555139,
500,2021-12-29T00:00:00,220.0,220.3,216.3,216.75,11463910,
501,2021-12-30T00:00:00,216.6,217.9,215.5,216.0,9737735,
502,2021-12-31T00:00:00,216.9,218.8,216.15,218.05,7569584,
503,2022-01-03T00:00:00,218.05,219.85,217.05,219.1,7750545,
504,2022-01-04T00:00:00,219.5,221.7,219.05,220.25,9044406,
505,2022-01-05T00:00:00,219.65,221.5,218.65,220.55,11230590,
506,2022-01-06T00:00:00,219.0,220.4,218.2,218.7,8945393,
507,2022-01-07T00:00:00,219.8,220.65,217.5,218.4,8838648,
508,2022-01-10T00:00:00,219.9,224.7,218.9,223.3,15961686,
509,2022-01-11T00:00:00,223.35,224.25,221.2,221.95,8014199,
510,2022-01-12T00:00:00,222.5,223.65,221.6,222.75,13156501,
511,2022-01-13T00:00:00,223.9,225.8,222.75,223.95,11489794,
512,2022-01-14T00:00:00,223.95,224.8,222.3,222.6,10557468,
513,2022-01-17T00:00:00,222.6,225.6,221.35,224.6,12314676,
514,2022-01-18T00:00:00,224.6,227.3,220.3,220.75,14394100,
515,2022-01-19T00:00:00,220.75,222.4,218.7,220.35,11473799,
516,2022-01-20T00:00:00,220.55,222.15,218.0,218.75,17329898,
517,2022-01-21T00:00:00,218.5,220.5,216.0,217.05,16573862,
518,2022-01-24T00:00:00,217.05,217.75,210.9,211.8,17354945,
519,2022-01-25T00:00:00,212.0,214.7,209.55,214.3,18322938,
520,2022-01-27T00:00:00,211.25,215.5,211.1,214.6,23236041,
521,2022-01-28T00:00:00,215.1,219.25,215.1,217.6,15273248,
522,2022-01-31T00:00:00,218.5,220.75,217.1,220.2,15027627,
523,2022-02-01T00:00:00,221.0,228.8,219.15,227.75,43193809,
524,2022-02-02T00:00:00,230.0,233.3,229.0,232.15,41125334,
525,2022-02-03T00:00:00,232.15,235.2,231.8,234.45,27841298,
526,2022-02-04T00:00:00,237.25,238.5,231.55,234.3,57022377,
527,2022-02-07T00:00:00,234.0,234.75,228.5,230.2,24161635,
528,2022-02-08T00:00:00,230.3,232.3,229.05,231.25,16201283,
529,2022-02-09T00:00:00,232.3,233.0,228.75,230.15,11886901,
530,2022-02-10T00:00:00,228.7,233.4,227.75,232.25,19555861,
531,2022-02-11T00:00:00,232.0,233.3,229.8,232.45,18093472,
532,2022-02-14T00:00:00,226.0,226.0,218.5,219.45,22740463,
533,2022-02-15T00:00:00,221.0,223.5,218.55,223.0,12872786,
534,2022-02-16T00:00:00,223.8,224.7,221.85,222.75,11231599,
535,2022-02-17T00:00:00,223.05,224.35,220.85,222.65,14023221,
536,2022-02-18T00:00:00,222.65,223.45,221.5,221.9,8669434,
537,2022-02-21T00:00:00,220.3,221.3,217.15,218.0,16123941,
538,2022-02-22T00:00:00,215.0,216.9,213.0,214.85,25862734,
539,2022-02-23T00:00:00,216.8,217.5,215.05,215.95,11011409,
540,2022-02-24T00:00:00,210.0,213.3,207.0,208.5,41329665,
541,2022-02-25T00:00:00,211.5,216.5,210.55,213.95,23629851,
542,2022-02-28T00:00:00,213.2,216.45,210.8,215.85,19736812,
543,2022-03-02T00:00:00,214.4,216.6,212.45,215.3,19295997,
544,2022-03-03T00:00:00,216.05,220.2,216.0,219.4,28527866,
545,2022-03-04T00:00:00,217.7,227.4,217.0,225.5,66835739,
546,2022-03-07T00:00:00,222.0,227.0,220.1,224.95,45257100,
547,2022-03-08T00:00:00,223.9,228.45,223.75,226.9,36033562,
548,2022-03-09T00:00:00,227.7,231.4,226.1,229.25,42290870,
549,2022-03-10T00:00:00,231.0,232.5,227.85,232.0,36125428,
550,2022-03-11T00:00:00,231.9,237.1,230.15,236.35,41687097,
551,2022-03-14T00:00:00,236.25,239.45,235.3,239.0,35108069,
552,2022-03-15T00:00:00,239.0,241.4,235.9,237.85,32992213,
553,2022-03-16T00:00:00,240.0,243.0,239.1,242.6,21617992,
554,2022-03-17T00:00:00,245.25,245.4,242.7,244.9,34218732,
555,2022-03-21T00:00:00,245.9,247.75,243.8,244.5,27967070,
556,2022-03-22T00:00:00,244.55,250.75,243.55,249.75,36937490,
557,2022-03-23T00:00:00,251.45,253.7,248.5,252.0,40479733,
558,2022-03-24T00:00:00,251.95,256.5,251.45,254.85,38231648,
559,2022-03-25T00:00:00,255.3,255.75,249.25,253.35,29260173,
560,2022-03-28T00:00:00,254.0,258.0,252.55,257.05,24890795,
561,2022-03-29T00:00:00,257.05,257.5,253.75,254.6,18115357,
562,2022-03-30T00:00:00,255.1,256.4,248.65,249.2,17603830,
563,2022-03-31T00:00:00,249.6,254.35,249.5,250.65,25647809,
564,2022-04-01T00:00:00,250.0,255.35,248.8,253.3,14299276,
565,2022-04-04T00:00:00,253.1,257.9,251.1,255.45,15901925,
566,2022-04-05T00:00:00,256.05,261.85,255.1,259.45,27183145,
567,2022-04-06T00:00:00,257.5,263.35,257.3,259.6,19597944,
568,2022-04-07T00:00:00,258.0,262.2,255.8,256.65,16051712,
569,2022-04-08T00:00:00,258.0,268.85,256.0,267.8,37815172,
570,2022-04-11T00:00:00,268.75,273.15,266.0,267.5,46141586,
571,2022-04-12T00:00:00,266.9,268.65,263.1,264.8,23537638,
572,2022-04-13T00:00:00,265.3,270.6,263.65,269.55,21386516,
573,2022-04-18T00:00:00,268.0,272.5,267.25,270.1,24388058,
574,2022-04-19T00:00:00,272.0,272.5,258.8,261.55,23380141,
575,2022-04-20T00:00:00,262.9,265.45,257.55,259.55,24510615,
576,2022-04-21T00:00:00,259.7,264.45,259.6,260.4,23389554,
577,2022-04-22T00:00:00,260.0,263.0,258.55,261.1,15615375,
578,2022-04-25T00:00:00,258.8,259.0,252.5,255.25,24203838,
579,2022-04-26T00:00:00,256.6,260.7,256.25,258.95,20532668,
580,2022-04-27T00:00:00,256.2,258.5,255.75,257.5,16580827,
581,2022-04-28T00:00:00,259.5,263.7,258.15,261.1,27919183,
582,2022-04-29T00:00:00,263.0,263.0,258.5,259.55,20414335,
583,2022-05-02T00:00:00,258.0,264.5,257.05,263.15,18960963,
584,2022-05-04T00:00:00,264.0,266.05,258.6,259.75,25950036,
585,2022-05-05T00:00:00,262.0,265.2,260.4,262.05,17930555,
586,2022-05-06T00:00:00,259.0,267.35,258.9,266.65,34476416,
587,2022-05-09T00:00:00,266.15,266.15,260.55,262.95,21400103,
588,2022-05-10T00:00:00,262.0,266.8,259.1,259.75,18089142,
589,2022-05-11T00:00:00,259.0,262.2,251.75,255.65,17333883,
590,2022-05-12T00:00:00,255.0,256.4,249.15,252.9,20040569,
591,2022-05-13T00:00:00,254.95,260.85,254.5,258.6,11904509,
592,2022-05-16T00:00:00,259.95,259.95,253.0,254.1,8183676,
593,2022-05-17T00:00:00,255.0,265.5,254.8,264.7,17791645,
594,2022-05-18T00:00:00,266.0,267.8,263.15,266.8,20190394,
595,2022-05-19T00:00:00,262.6,279.25,262.6,275.65,78273260,
596,2022-05-20T00:00:00,277.0,282.35,277.0,280.0,32362898,
597,2022-05-23T00:00:00,280.0,280.45,273.05,274.5,21694813,
598,2022-05-24T00:00:00,275.0,275.0,270.0,270.85,15535515,
599,2022-05-25T00:00:00,272.95,273.9,270.5,272.7,15286595,
600,2022-05-26T00:00:00,268.25,268.25,263.85,266.7,18418174,
601,2022-05-27T00:00:00,269.0,270.7,265.05,269.2,13463145,
602,2022-05-30T00:00:00,270.5,271.0,267.6,269.05,11817326,
603,2022-05-31T00:00:00,269.05,274.5,266.4,270.65,23205402,
604,2022-06-01T00:00:00,270.65,274.1,270.2,271.85,14701048,
605,2022-06-02T00:00:00,270.7,274.45,267.85,273.5,14309583,
606,2022-06-03T00:00:00,275.0,275.7,271.6,272.7,12483614,
607,2022-06-06T00:00:00,272.4,275.8,269.7,274.8,10923183,
608,2022-06-07T00:00:00,273.2,275.0,272.25,273.9,10863972,
609,2022-06-08T00:00:00,273.95,274.4,266.2,267.9,14364864,
610,2022-06-09T00:00:00,267.8,271.7,265.75,270.85,9858963,
611,2022-06-10T00:00:00,269.05,271.0,268.75,270.15,8368620,
612,2022-06-13T00:00:00,266.4,269.1,263.0,264.65,11088702,
613,2022-06-14T00:00:00,263.2,267.45,263.05,265.45,7420726,
614,2022-06-15T00:00:00,266.0,267.3,263.05,263.4,5053134,
615,2022-06-16T00:00:00,267.0,267.9,259.5,260.7,14289923,
616,2022-06-17T00:00:00,259.0,264.15,258.55,263.3,16651186,
617,2022-06-20T00:00:00,263.3,266.15,261.35,264.1,17078844,
618,2022-06-21T00:00:00,265.0,270.85,264.1,269.9,13907464,
619,2022-06-22T00:00:00,267.0,270.3,264.9,265.3,11320920,
620,2022-06-23T00:00:00,265.5,267.25,262.4,265.5,9058389,
621,2022-06-24T00:00:00,266.1,268.35,265.2,265.85,7006720,
622,2022-06-27T00:00:00,267.0,270.65,266.5,269.95,8172804,
623,2022-06-28T00:00:00,268.9,272.25,268.55,271.85,11257130,
624,2022-06-29T00:00:00,269.25,275.0,269.15,274.05,16012764,
625,2022-06-30T00:00:00,273.95,274.7,272.0,273.5,19256621,
626,2022-07-01T00:00:00,273.5,285.0,271.2,284.35,35153686,
627,2022-07-04T00:00:00,285.65,293.3,284.8,291.9,39868187,
628,2022-07-05T00:00:00,293.0,293.0,285.75,286.9,18562551,
629,2022-07-06T00:00:00,286.1,290.0,285.3,289.3,18288693,
630,2022-07-07T00:00:00,291.0,293.15,288.5,291.95,13790861,
631,2022-07-08T00:00:00,292.9,294.45,290.4,293.05,11104576,
632,2022-07-11T00:00:00,293.0,296.95,292.05,295.0,12295647,
633,2022-07-12T00:00:00,293.0,295.35,290.9,292.7,14073110,
634,2022-07-13T00:00:00,293.0,294.8,292.7,294.05,9274923,
635,2022-07-14T00:00:00,294.3,296.35,289.15,290.85,13411094,
636,2022-07-15T00:00:00,292.0,294.0,289.5,293.55,11020163,
637,2022-07-18T00:00:00,295.0,296.3,293.75,295.3,11313563,
638,2022-07-19T00:00:00,295.0,295.6,292.7,294.6,9186599,
639,2022-07-20T00:00:00,294.9,299.5,293.6,298.2,15785473,
640,2022-07-21T00:00:00,299.0,302.2,298.0,299.55,16042843,
641,2022-07-22T00:00:00,300.0,302.5,298.1,300.55,9960730,
642,2022-07-25T00:00:00,299.0,302.95,298.8,301.1,10633697,
643,2022-07-26T00:00:00,301.0,303.75,300.45,302.45,9738302,
644,2022-07-27T00:00:00,302.85,305.0,300.6,304.15,9332564,
645,2022-07-28T00:00:00,304.9,305.2,302.4,303.45,10853174,
646,2022-07-29T00:00:00,305.0,305.9,301.35,303.05,16929897,
647,2022-08-01T00:00:00,304.0,308.8,303.1,307.5,15950452,
648,2022-08-02T00:00:00,310.0,316.65,308.2,309.95,38972973,
649,2022-08-03T00:00:00,310.9,310.9,303.65,308.15,17684676,
650,2022-08-04T00:00:00,308.0,310.35,307.15,309.5,15900526,
651,2022-08-05T00:00:00,309.5,311.8,309.1,310.85,10078422,
652,2022-08-08T00:00:00,310.95,313.95,310.05,313.15,8304359,
653,2022-08-10T00:00:00,313.15,314.1,310.75,311.2,8922066,
654,2022-08-11T00:00:00,313.0,313.45,305.3,306.25,10952066,
655,2022-08-12T00:00:00,306.25,309.4,304.5,308.55,6418678,
656,2022-08-16T00:00:00,308.55,311.5,308.55,310.55,8607857,
657,2022-08-17T00:00:00,311.7,313.25,311.0,312.55,7975857,
658,2022-08-18T00:00:00,313.0,316.0,312.6,315.65,9882794,
659,2022-08-19T00:00:00,316.15,316.15,311.2,312.0,10422416,
660,2022-08-22T00:00:00,311.2,317.0,311.0,314.4,11355840,
661,2022-08-23T00:00:00,312.95,316.0,312.1,315.9,9420168,
662,2022-08-24T00:00:00,315.75,319.45,313.05,314.1,11346894,
663,2022-08-25T00:00:00,315.45,316.4,311.6,312.35,7757026,
664,2022-08-26T00:00:00,314.75,315.4,312.0,312.9,6955023,
665,2022-08-29T00:00:00,310.0,314.95,308.85,313.55,11361403,
666,2022-08-30T00:00:00,314.25,321.4,314.25,320.5,17815731,
667,2022-09-01T00:00:00,319.5,321.9,316.0,317.6,13268053,
668,2022-09-02T00:00:00,318.7,324.25,318.05,323.15,25756736,
669,2022-09-05T00:00:00,325.0,329.6,323.75,328.85,17468643,
670,2022-09-06T00:00:00,330.0,330.0,326.4,327.15,11967619,
671,2022-09-07T00:00:00,326.0,328.3,325.25,326.1,8083462,
672,2022-09-08T00:00:00,329.0,330.6,327.5,329.9,10911133,
673,2022-09-09T00:00:00,330.6,333.3,330.0,330.5,9428464,
674,2022-09-12T00:00:00,332.0,332.4,330.0,330.9,8712692,
675,2022-09-13T00:00:00,331.7,335.0,330.6,334.4,10512051,
676,2022-09-14T00:00:00,331.0,339.0,330.95,335.35,12265302,
677,2022-09-15T00:00:00,336.4,337.05,332.9,334.1,8416448,
678,2022-09-16T00:00:00,332.35,334.6,329.7,331.3,12492854,
679,2022-09-19T00:00:00,329.1,336.9,329.1,335.6,14352939,
680,2022-09-20T00:00:00,338.75,339.6,335.0,336.0,9524951,
681,2022-09-21T00:00:00,336.0,345.2,335.5,340.95,20992082,
682,2022-09-22T00:00:00,341.0,348.75,340.9,345.05,24177161,
683,2022-09-23T00:00:00,347.5,349.55,343.3,346.4,22838810,
684,2022-09-26T00:00:00,344.85,345.95,331.75,332.6,16197455,
685,2022-09-27T00:00:00,335.0,339.55,334.0,334.85,9991055,
686,2022-09-28T00:00:00,331.95,333.3,324.3,324.95,15543574,
687,2022-09-29T00:00:00,329.0,334.9,327.75,333.05,18278652,
688,2022-09-30T00:00:00,333.05,335.75,330.15,332.2,12420891,
689,2022-10-03T00:00:00,332.9,333.0,323.25,324.4,9108699,
690,2022-10-04T00:00:00,328.7,334.0,328.0,332.85,8800138,
691,2022-10-06T00:00:00,335.0,339.3,332.55,336.65,22234102,
692,2022-10-07T00:00:00,336.8,336.85,331.3,334.1,10502915,
693,2022-10-10T00:00:00,330.0,331.45,326.05,327.85,9388999,
694,2022-10-11T00:00:00,329.0,330.45,325.1,326.3,10609959,
695,2022-10-12T00:00:00,327.95,331.45,324.75,330.1,10332753,
696,2022-10-13T00:00:00,329.95,331.3,328.0,328.65,7264750,
697,2022-10-14T00:00:00,332.3,333.9,330.85,332.1,6424521,
698,2022-10-17T00:00:00,331.1,334.75,329.6,332.25,6929066,
699,2022-10-18T00:00:00,333.95,341.0,333.55,340.3,20884021,
700,2022-10-19T00:00:00,343.1,347.45,339.8,346.35,16289071,
701,2022-10-20T00:00:00,347.0,350.95,344.8,349.7,18468990,
702,2022-10-21T00:00:00,353.2,353.2,344.5,345.6,27353583,
703,2022-10-24T00:00:00,348.3,349.7,347.0,347.7,3155723,
704,2022-10-25T00:00:00,349.45,349.5,343.65,346.3,17236956,
705,2022-10-27T00:00:00,346.65,348.35,343.85,345.8,18556428,
706,2022-10-28T00:00:00,347.55,348.6,345.1,345.8,13067219,
707,2022-10-31T00:00:00,348.0,350.5,344.75,348.7,13822981,
708,2022-11-01T00:00:00,349.25,350.5,347.2,349.5,19665203,
709,2022-11-02T00:00:00,348.5,356.25,348.5,354.65,16778694,
710,2022-11-03T00:00:00,354.0,358.5,353.0,353.7,10732497,
711,2022-11-04T00:00:00,354.0,356.0,352.5,353.6,8384915,
712,2022-11-07T00:00:00,355.0,356.35,350.0,353.5,10045965,
713,2022-11-09T00:00:00,353.5,361.45,353.2,360.7,20599500,
714,2022-11-10T00:00:00,359.0,359.9,354.1,356.0,19327628,
715,2022-11-11T00:00:00,360.0,360.95,354.65,356.35,10950905,
716,2022-11-14T00:00:00,356.35,356.95,346.6,347.2,17635840,
717,2022-11-15T00:00:00,348.95,348.95,339.15,345.25,15448059,
718,2022-11-16T00:00:00,345.7,346.85,341.65,344.1,7603257,
719,2022-11-17T00:00:00,344.1,347.45,342.6,343.7,9991234,
720,2022-11-18T00:00:00,343.7,344.75,339.8,341.05,7791389,
721,2022-11-21T00:00:00,339.1,340.0,334.4,337.2,9197818,
722,2022-11-22T00:00:00,337.0,341.0,335.7,340.25,6495848,
723,2022-11-23T00:00:00,342.0,342.0,337.5,339.8,7768294,
724,2022-11-24T00:00:00,339.8,342.5,337.55,340.75,8140859,
725,2022-11-25T00:00:00,341.0,341.9,337.8,340.3,6931751,
726,2022-11-28T00:00:00,340.0,341.75,338.75,340.05,9921105,
727,2022-11-29T00:00:00,340.0,345.0,340.0,342.3,10182863,
728,2022-11-30T00:00:00,341.25,344.15,339.0,340.0,22555560,
729,2022-12-01T00:00:00,341.7,341.7,336.8,339.55,16627072,
730,2022-12-02T00:00:00,339.35,340.8,336.75,337.15,8388837,
731,2022-12-05T00:00:00,337.65,338.85,334.15,336.75,9716791,
732,2022-12-06T00:00:00,334.1,338.2,334.1,337.3,6326528,
733,2022-12-07T00:00:00,338.5,341.5,336.65,340.1,9813211,
734,2022-12-08T00:00:00,340.2,342.15,337.5,338.4,6198258,
735,2022-12-09T00:00:00,339.75,342.5,338.0,341.4,8137065,
736,2022-12-12T00:00:00,341.0,344.0,340.1,343.2,11213052,
737,2022-12-13T00:00:00,344.5,346.0,342.4,345.6,10690938,
738,2022-12-14T00:00:00,346.0,347.35,343.75,345.4,7379096,
739,2022-12-15T00:00:00,344.75,346.1,338.0,338.85,8149770,
740,2022-12-16T00:00:00,337.5,338.9,331.3,335.1,12425341,
741,2022-12-16T00:00:00,337.5,338.9,331.3,335.1,12425341,
742,2022-12-19T00:00:00,336.8,342.35,335.35,340.5,7811350,
743,2022-12-20T00:00:00,340.05,340.95,336.75,340.15,5481980,
744,2022-12-21T00:00:00,341.0,341.25,334.5,335.15,7045204,
745,2022-12-22T00:00:00,335.65,337.4,329.9,332.45,6584448,
746,2022-12-23T00:00:00,330.9,331.9,325.35,326.7,10070123,
747,2022-12-26T00:00:00,326.5,335.1,325.5,334.6,9564646,
748,2022-12-27T00:00:00,335.6,336.4,330.15,333.15,6727345,
749,2022-12-28T00:00:00,332.85,335.0,331.5,334.4,7737563,
750,2022-12-29T00:00:00,334.35,335.75,331.55,335.35,8100005,
751,2022-12-30T00:00:00,335.4,336.75,330.5,331.55,6955679,
752,2023-01-02T00:00:00,330.9,334.0,329.65,332.85,5950445,
753,2023-01-03T00:00:00,331.5,333.35,330.25,331.1,5997053,
754,2023-01-04T00:00:00,331.85,332.5,326.0,327.0,6686080,
755,2023-01-05T00:00:00,328.65,333.9,328.2,333.45,8167400,
756,2023-01-06T00:00:00,334.7,337.55,333.1,335.05,8282239,
757,2023-01-09T00:00:00,336.95,341.3,336.15,338.05,10637645,
758,2023-01-10T00:00:00,337.9,338.4,332.55,333.4,6949608,
759,2023-01-11T00:00:00,335.1,335.1,331.3,331.8,4584296,
760,2023-01-12T00:00:00,333.4,333.6,328.1,329.85,6638424,
761,2023-01-13T00:00:00,329.85,332.25,326.4,328.75,14411647,
762,2023-01-16T00:00:00,330.35,332.2,327.55,330.2,8252666,
763,2023-01-17T00:00:00,330.2,333.5,329.1,332.25,13712540,
764,2023-01-18T00:00:00,334.0,336.55,332.4,334.65,12551213,
765,2023-01-19T00:00:00,334.0,335.65,331.65,332.15,8346133,
766,2023-01-20T00:00:00,332.0,335.2,329.25,334.6,13107504,
767,2023-01-23T00:00:00,336.0,338.15,333.05,337.75,7124810,
768,2023-01-24T00:00:00,337.8,340.75,337.6,338.95,12302876,
769,2023-01-25T00:00:00,338.9,341.0,335.25,339.25,12497545,
770,2023-01-27T00:00:00,341.8,348.85,341.5,346.0,21038446,
771,2023-01-30T00:00:00,346.9,351.75,341.85,344.8,14091522,
772,2023-01-31T00:00:00,346.0,355.0,341.05,352.35,17134294,
773,2023-02-01T00:00:00,353.0,365.7,329.1,361.4,64513933,
774,2023-02-02T00:00:00,361.6,384.7,360.4,378.6,55742036,
775,2023-02-03T00:00:00,381.9,382.25,372.0,380.65,22283446,
776,2023-02-06T00:00:00,382.5,388.2,379.6,383.4,25775277,
777,2023-02-07T00:00:00,383.9,383.9,368.45,373.25,20640201,
778,2023-02-08T00:00:00,374.75,377.3,371.55,375.55,10420465,
779,2023-02-09T00:00:00,374.0,380.0,372.15,374.25,11855228,
780,2023-02-10T00:00:00,372.2,376.95,370.3,371.35,10277074,
781,2023-02-13T00:00:00,373.0,375.15,370.0,374.2,9898847,
782,2023-02-14T00:00:00,375.0,387.65,373.75,386.45,29120972,
783,2023-02-15T00:00:00,381.75,382.85,378.55,382.2,12204859,
784,2023-02-16T00:00:00,382.0,385.25,381.0,382.55,9775283,
785,2023-02-17T00:00:00,381.05,384.55,379.25,383.4,7670740,
786,2023-02-20T00:00:00,384.7,387.5,381.3,384.05,7803734,
787,2023-02-21T00:00:00,385.0,385.9,381.7,382.25,8257428,
788,2023-02-22T00:00:00,382.0,384.9,380.0,383.85,8960960,
789,2023-02-23T00:00:00,384.45,394.0,383.1,387.6,18822809,
790,2023-02-24T00:00:00,389.0,389.0,381.0,385.1,12908175,
791,2023-02-27T00:00:00,385.1,386.8,378.1,382.2,8141375,
792,2023-02-28T00:00:00,382.5,384.25,375.0,376.7,16363476,
793,2023-03-01T00:00:00,374.25,380.4,373.6,378.7,7763330,
794,2023-03-02T00:00:00,379.5,379.75,374.7,375.55,5017638,
795,2023-03-03T00:00:00,377.0,385.4,376.1,384.95,8192261,
796,2023-03-06T00:00:00,385.9,392.5,385.25,388.15,10712250,
797,2023-03-08T00:00:00,388.0,393.15,385.1,392.4,8916902,
798,2023-03-09T00:00:00,392.1,393.6,385.65,387.5,9633016,
799,2023-03-10T00:00:00,386.95,390.2,383.5,388.0,8361612,
800,2023-03-13T00:00:00,389.2,390.9,382.5,383.65,8790246,
801,2023-03-14T00:00:00,385.7,386.45,377.2,379.7,10228041,
802,2023-03-15T00:00:00,381.0,384.3,378.0,379.4,8421776,
803,2023-03-16T00:00:00,380.6,382.35,376.85,381.45,15709835,
804,2023-03-17T00:00:00,385.0,385.0,369.65,375.55,48902533,
805,2023-03-20T00:00:00,373.3,379.35,372.0,378.8,10120380,
806,2023-03-21T00:00:00,378.8,378.8,374.05,376.95,11609853,
807,2023-03-22T00:00:00,376.95,378.85,374.2,377.75,4773961,
808,2023-03-23T00:00:00,377.0,382.75,374.4,380.65,9749931,
809,2023-03-24T00:00:00,381.5,383.0,378.0,378.7,9932567,
810,2023-03-27T00:00:00,377.95,384.4,376.35,380.2,10814562,
811,2023-03-28T00:00:00,380.2,382.35,378.15,379.75,9132254,
812,2023-03-29T00:00:00,380.2,384.0,377.15,382.75,10151139,
813,2023-03-31T00:00:00,382.0,384.5,380.0,383.5,9480454,
814,2023-04-03T00:00:00,384.0,384.0,378.5,378.9,7057667,
815,2023-04-05T00:00:00,378.9,387.05,378.9,386.4,11606489,
816,2023-04-06T00:00:00,386.65,390.3,384.2,387.35,12897669,
817,2023-04-10T00:00:00,387.35,390.0,384.75,388.55,6782813,
818,2023-04-11T00:00:00,388.55,398.1,388.0,396.0,18235167,
819,2023-04-12T00:00:00,397.75,397.8,392.1,393.55,9750014,
820,2023-04-13T00:00:00,395.5,396.6,393.7,395.6,6055751,
821,2023-04-17T00:00:00,392.9,402.0,392.9,400.15,11038827,
822,2023-04-18T00:00:00,400.0,402.0,397.0,398.5,9494208,
823,2023-04-19T00:00:00,396.05,401.35,396.0,398.75,9741927,
824,2023-04-21T00:00:00,400.3,409.0,399.05,408.25,14269589,
825,2023-04-24T00:00:00,410.0,410.0,404.2,408.7,5979571,
826,2023-04-25T00:00:00,408.7,413.55,407.4,411.55,8839601,
827,2023-04-26T00:00:00,412.0,413.0,409.05,412.25,7619883,
828,2023-04-27T00:00:00,412.2,417.4,411.0,416.0,12609382,
829,2023-04-28T00:00:00,418.0,428.25,413.7,425.55,12718724,
830,2023-05-02T00:00:00,426.0,427.0,421.2,424.45,10250712,
831,2023-05-03T00:00:00,424.0,428.5,422.05,427.15,7323000,
832,2023-05-04T00:00:00,425.3,427.0,424.0,424.6,7984133,
833,2023-05-05T00:00:00,425.95,431.9,424.35,428.75,12410708,
834,2023-05-08T00:00:00,431.0,433.45,429.35,431.45,7242879,
835,2023-05-09T00:00:00,432.8,433.15,421.5,423.8,9990104,
836,2023-05-10T00:00:00,423.95,426.35,422.2,425.35,9753029,
837,2023-05-11T00:00:00,427.25,427.4,418.9,420.4,15978701,
838,2023-05-12T00:00:00,420.4,422.7,416.05,420.45,11144180,
839,2023-05-15T00:00:00,420.0,428.7,419.05,427.8,9149261,
840,2023-05-16T00:00:00,430.0,430.0,423.5,423.95,7993153,
841,2023-05-17T00:00:00,424.15,428.95,422.6,427.6,9473658,
842,2023-05-18T00:00:00,430.0,432.45,418.1,419.7,23987293,
843,2023-05-19T00:00:00,420.95,423.1,411.35,419.85,25608563,
844,2023-05-22T00:00:00,421.95,425.75,419.1,424.75,15418400,
845,2023-05-23T00:00:00,426.0,431.2,424.2,429.15,8730475,
846,2023-05-24T00:00:00,428.3,434.75,427.0,433.5,11478474,
847,2023-05-25T00:00:00,436.95,442.45,434.8,441.15,18195452,
848,2023-05-26T00:00:00,443.4,444.75,439.5,443.6,12993855,
849,2023-05-29T00:00:00,445.0,451.8,444.1,449.1,19817627,
850,2023-05-30T00:00:00,441.0,451.45,441.0,449.9,18898781,
851,2023-05-31T00:00:00,449.3,452.0,442.45,445.5,14268877,
852,2023-06-01T00:00:00,447.0,447.0,439.0,439.7,8797316,
853,2023-06-02T00:00:00,440.0,444.9,439.8,443.4,9202623,
854,2023-06-05T00:00:00,445.0,446.85,440.1,440.65,7149623,
855,2023-06-06T00:00:00,440.8,443.6,440.4,442.8,6453037,
856,2023-06-07T00:00:00,444.0,445.65,442.75,443.95,7542828,
857,2023-06-08T00:00:00,445.7,445.75,441.9,442.9,7023593,
858,2023-06-09T00:00:00,435.15,444.7,435.15,438.45,7053168,
859,2023-06-12T00:00:00,440.0,440.95,433.85,436.95,8716526,
860,2023-06-13T00:00:00,441.0,446.4,438.3,445.4,16111080,
861,2023-06-14T00:00:00,446.25,447.75,443.75,444.5,8704181,
862,2023-06-14T00:00:00,446.25,447.75,443.75,444.5,8704181,
863,2023-06-15T00:00:00,445.0,448.75,444.75,448.1,7505545,
864,2023-06-16T00:00:00,449.0,455.6,447.9,453.1,11727017,
865,2023-06-19T00:00:00,454.75,455.9,452.25,453.6,4187897,
866,2023-06-20T00:00:00,454.8,454.8,450.15,452.85,4471587,
867,2023-06-21T00:00:00,452.0,454.2,445.05,447.05,6057284,
868,2023-06-22T00:00:00,448.0,449.65,445.85,447.65,6636856,
869,2023-06-23T00:00:00,447.5,447.65,442.7,444.75,6011325,
870,2023-06-26T00:00:00,446.9,451.4,444.0,445.7,5475040,
871,2023-06-27T00:00:00,446.1,447.2,443.15,445.1,4878669,
872,2023-06-28T00:00:00,445.0,450.6,444.5,449.35,12082756,
873,2023-06-30T00:00:00,450.0,451.95,446.6,451.6,9105044,
874,2023-07-03T00:00:00,451.6,465.95,450.05,463.25,10695071,
875,2023-07-04T00:00:00,465.0,468.0,459.8,466.35,7723660,
876,2023-07-05T00:00:00,466.35,480.65,464.3,475.1,16244625,
877,2023-07-06T00:00:00,477.35,477.4,470.5,473.9,9467986,
878,2023-07-07T00:00:00,473.0,475.5,467.6,468.4,7323454,
879,2023-07-10T00:00:00,470.0,470.9,463.7,465.85,6520524,
880,2023-07-11T00:00:00,466.0,474.55,466.0,473.15,8454112,
881,2023-07-12T00:00:00,477.75,477.75,470.45,472.3,12315263,
882,2023-07-13T00:00:00,473.9,476.75,471.0,472.0,7909221,
883,2023-07-14T00:00:00,473.0,475.0,471.35,472.9,5081149,
884,2023-07-17T00:00:00,474.5,475.8,470.6,472.35,6089422,
885,2023-07-18T00:00:00,472.55,474.2,471.0,472.5,5350790,
886,2023-07-19T00:00:00,472.75,480.45,468.1,478.85,13862575,
887,2023-07-20T00:00:00,479.9,493.7,476.3,492.15,20245512,
888,2023-07-21T00:00:00,491.8,497.7,487.0,490.45,13971985,
889,2023-07-24T00:00:00,493.45,499.7,468.15,471.35,38918685,
890,2023-07-25T00:00:00,467.9,468.5,455.4,462.3,43527106,
891,2023-07-26T00:00:00,464.9,473.0,462.05,472.25,18136922,
892,2023-07-27T00:00:00,474.4,475.15,461.1,465.05,13989460,
893,2023-07-28T00:00:00,467.7,469.45,463.4,468.45,10122302,
894,2023-07-31T00:00:00,469.0,469.7,463.5,465.25,8176830,
895,2023-08-01T00:00:00,466.0,468.85,463.8,464.8,6436509,
896,2023-08-02T00:00:00,464.6,464.8,458.0,460.1,10312602,
897,2023-08-03T00:00:00,460.1,463.75,454.3,456.05,10616267,
898,2023-08-04T00:00:00,456.3,461.4,454.25,454.95,6829934,
899,2023-08-07T00:00:00,454.1,456.55,450.95,454.9,9161134,
900,2023-08-08T00:00:00,457.0,457.0,451.05,452.35,6390967,
901,2023-08-09T00:00:00,452.35,459.9,446.9,458.65,9755277,
902,2023-08-10T00:00:00,458.9,459.3,449.0,451.75,13184769,
903,2023-08-11T00:00:00,453.9,453.9,444.75,448.75,11578607,
904,2023-08-14T00:00:00,448.75,451.25,445.05,449.2,7589761,
905,2023-08-16T00:00:00,451.0,457.4,448.2,450.25,14917356,
906,2023-08-17T00:00:00,450.0,450.0,440.0,441.0,16263532,
907,2023-08-18T00:00:00,441.0,443.35,438.5,441.65,19320076,
908,2023-08-21T00:00:00,442.0,448.5,441.35,447.8,9568280,
909,2023-08-22T00:00:00,449.0,455.15,447.0,454.25,9853717,
910,2023-08-23T00:00:00,455.6,455.65,448.6,450.45,8489439,
911,2023-08-24T00:00:00,450.6,453.5,449.3,450.9,6087204,
912,2023-08-25T00:00:00,450.9,451.0,442.05,443.35,9266445,
913,2023-08-28T00:00:00,445.0,446.85,441.0,441.4,6905765,
914,2023-08-29T00:00:00,442.95,444.0,439.2,440.1,9479865,
915,2023-08-30T00:00:00,441.0,444.0,440.5,442.8,7363506,
916,2023-08-31T00:00:00,443.0,444.9,436.1,439.7,19895721,
917,2023-09-01T00:00:00,440.0,445.0,438.3,441.05,11459370,
918,2023-09-04T00:00:00,443.35,443.35,436.65,437.5,13584443,
919,2023-09-05T00:00:00,438.9,444.5,438.5,443.1,8377453,
920,2023-09-06T00:00:00,443.95,448.5,442.0,447.45,12859895,
921,2023-09-07T00:00:00,448.8,449.0,444.6,445.9,8082324,
922,2023-09-08T00:00:00,447.9,447.9,441.85,442.65,9926266,
923,2023-09-11T00:00:00,446.0,448.1,442.65,447.2,9315449,
924,2023-09-12T00:00:00,448.9,454.3,445.6,451.15,14348104,
925,2023-09-13T00:00:00,452.2,457.0,451.1,453.5,11810483,
926,2023-09-14T00:00:00,455.9,455.9,447.15,449.95,14429195,
927,2023-09-15T00:00:00,448.05,452.1,447.0,448.35,15070817,
928,2023-09-18T00:00:00,448.35,454.0,446.2,452.05,8230236,
929,2023-09-20T00:00:00,451.7,455.1,449.55,452.95,9957483,
930,2023-09-21T00:00:00,452.8,453.55,444.5,447.5,10717001,
931,2023-09-22T00:00:00,447.5,448.4,442.25,443.1,7501941,
932,2023-09-25T00:00:00,443.1,444.8,438.35,442.6,5836604,
933,2023-09-26T00:00:00,443.6,444.5,439.7,442.45,5326844,
934,2023-09-27T00:00:00,442.45,449.8,438.8,449.15,10486066,
935,2023-09-28T00:00:00,449.95,449.95,439.6,440.75,10209889,
936,2023-09-29T00:00:00,442.0,445.6,439.2,444.4,8184587,
937,2023-10-03T00:00:00,441.0,442.9,439.25,439.75,7479531,
938,2023-10-04T00:00:00,439.75,441.7,433.3,436.1,13394017,
939,2023-10-05T00:00:00,440.0,440.5,435.05,436.05,10027437,
940,2023-10-06T00:00:00,437.85,443.6,436.65,442.15,8416767,
941,2023-10-09T00:00:00,440.95,443.2,437.25,440.45,5609639,
942,2023-10-10T00:00:00,440.45,444.85,440.45,444.4,5013688,
943,2023-10-11T00:00:00,447.2,449.45,444.8,448.25,7650539,
944,2023-10-12T00:00:00,449.65,452.5,446.15,450.7,11772982,
945,2023-10-13T00:00:00,449.85,451.8,447.0,448.35,7630030,
946,2023-10-16T00:00:00,448.0,451.0,446.2,448.95,4212997,
947,2023-10-17T00:00:00,449.8,454.5,449.0,453.45,6934052,
948,2023-10-18T00:00:00,454.25,458.2,451.0,451.65,6893967,
949,2023-10-19T00:00:00,449.75,454.9,446.85,450.4,9464573,
950,2023-10-20T00:00:00,445.0,449.0,437.35,438.3,13016447,
951,2023-10-23T00:00:00,438.0,439.95,433.1,435.9,7284104,
952,2023-10-25T00:00:00,436.9,438.0,427.05,432.7,10887457,
953,2023-10-26T00:00:00,429.55,436.6,429.55,434.35,18751597,
954,2023-10-27T00:00:00,434.35,436.8,432.2,433.75,13129382,
955,2023-10-30T00:00:00,434.55,437.15,428.35,430.45,7615167,
956,2023-10-31T00:00:00,430.0,433.35,427.9,428.4,8585490,
957,2023-11-01T00:00:00,430.0,431.1,425.5,428.1,7988624,
958,2023-11-02T00:00:00,430.05,432.7,428.65,431.15,8150971,
959,2023-11-03T00:00:00,432.8,434.4,431.1,433.25,13801954,
960,2023-11-06T00:00:00,433.5,436.8,432.55,435.35,7306624,
961,2023-11-07T00:00:00,434.9,434.9,432.15,432.7,5118314,
962,2023-11-08T00:00:00,433.15,437.5,432.3,436.95,6979519,
963,2023-11-09T00:00:00,437.8,438.0,433.9,434.4,7784267,
964,2023-11-10T00:00:00,434.4,438.0,432.5,436.55,4077958,
965,2023-11-12T00:00:00,438.85,439.2,438.0,438.45,1180896,
966,2023-11-13T00:00:00,438.4,438.4,435.0,436.0,3741302,
967,2023-11-15T00:00:00,438.1,442.5,437.5,441.95,7412704,
968,2023-11-16T00:00:00,441.95,444.5,437.6,438.65,10856210,
969,2023-11-17T00:00:00,439.25,441.5,438.3,439.25,6653039,
970,2023-11-20T00:00:00,439.85,440.3,434.5,436.8,4334613,
971,2023-11-21T00:00:00,437.15,439.3,435.5,436.25,5994294,
972,2023-11-22T00:00:00,437.0,440.4,434.8,439.7,4885213,
973,2023-11-23T00:00:00,440.95,442.25,438.25,440.35,6365142,
974,2023-11-24T00:00:00,441.0,442.25,436.85,437.8,6820423,
975,2023-11-28T00:00:00,438.0,439.0,434.9,435.25,8744082,
976,2023-11-29T00:00:00,436.0,438.5,434.15,437.2,13784251,
977,2023-11-30T00:00:00,436.7,438.45,434.5,435.8,15117275,
978,2023-12-01T00:00:00,437.9,450.95,437.4,449.8,19349608,
979,2023-12-04T00:00:00,455.0,456.4,451.0,454.05,12799028,
980,2023-12-05T00:00:00,455.0,457.8,450.1,451.75,12133424,
981,2023-12-06T00:00:00,453.9,464.5,452.1,463.25,20417562,
982,2023-12-07T00:00:00,464.75,464.8,457.4,458.1,11308219,
983,2023-12-08T00:00:00,459.95,461.6,448.5,449.15,18658180,
984,2023-12-11T00:00:00,451.5,453.6,449.3,452.45,6596786,
985,2023-12-11T00:00:00,451.5,453.6,449.3,452.45,6596786,
986,2023-12-12T00:00:00,454.2,460.0,452.35,453.1,10158104,
987,2023-12-13T00:00:00,456.3,458.85,453.1,455.65,11281962,
988,2023-12-14T00:00:00,460.0,461.0,449.45,460.1,14362264,
989,2023-12-15T00:00:00,461.9,462.95,455.0,458.2,15788475,
990,2023-12-18T00:00:00,455.0,456.0,450.35,451.65,12022564,
991,2023-12-19T00:00:00,453.35,458.0,452.05,456.1,10265555,
992,2023-12-20T00:00:00,459.0,459.25,449.3,451.0,10367668,
993,2023-12-21T00:00:00,449.0,453.75,444.45,451.45,11199640,
994,2023-12-22T00:00:00,453.0,455.9,450.55,455.2,11023244,
995,2023-12-26T00:00:00,456.05,458.9,454.7,456.45,5869588,
996,2023-12-27T00:00:00,457.0,458.5,453.75,457.1,7540938,
997,2023-12-28T00:00:00,457.2,464.7,456.1,464.1,20707320,
998,2023-12-29T00:00:00,464.1,467.9,461.35,462.1,12883625,
999,2024-01-01T00:00:00,463.5,469.95,462.65,468.05,9344453,
1000,2024-01-02T00:00:00,470.0,471.35,463.6,470.35,10519774,
1001,2024-01-03T00:00:00,470.25,480.7,469.35,477.25,24033123,
1002,2024-01-04T00:00:00,480.0,481.45,474.2,476.4,11781931,
1003,2024-01-05T00:00:00,479.4,479.4,472.0,473.95,9203388,
1004,2024-01-08T00:00:00,475.0,475.5,464.55,465.5,8000902,
1005,2024-01-09T00:00:00,467.5,469.95,463.65,464.55,5666032,
1006,2024-01-10T00:00:00,464.55,466.75,460.05,463.3,5895286,
1007,2024-01-11T00:00:00,464.1,466.55,461.1,462.65,6529592,
1008,2024-01-12T00:00:00,463.25,467.7,460.35,466.7,9344735,
1009,2024-01-15T00:00:00,470.0,470.5,466.1,467.6,6902159,
1010,2024-01-16T00:00:00,467.8,475.0,464.25,472.3,12044612,
1011,2024-01-17T00:00:00,471.4,477.0,465.2,466.6,11106671,
1012,2024-01-18T00:00:00,465.25,467.85,454.55,465.5,9143787,
1013,2024-01-19T00:00:00,468.55,473.0,466.4,471.5,12202395,
1014,2024-01-20T00:00:00,473.4,475.0,468.0,468.4,3294465,
1015,2024-01-23T00:00:00,472.85,473.4,456.45,459.3,8404513,
1016,2024-01-24T00:00:00,460.1,467.4,458.1,463.6,21616482,
1017,2024-01-25T00:00:00,463.55,464.95,452.1,455.65,19677702,
1018,2024-01-29T00:00:00,455.9,457.25,447.5,449.8,17869155,
1019,2024-01-30T00:00:00,447.0,453.7,437.4,438.05,44109402,
1020,2024-01-31T00:00:00,440.0,442.5,438.7,441.55,19882947,
1021,2024-02-01T00:00:00,442.0,447.75,439.3,442.9,19165412,
1022,2024-02-02T00:00:00,445.0,447.2,439.5,440.1,17156023,
1023,2024-02-05T00:00:00,442.0,443.65,436.55,438.05,12041900,
1024,2024-02-06T00:00:00,440.0,440.9,429.5,431.4,18764373,
1025,2024-02-07T00:00:00,435.0,435.0,430.8,431.8,12880827,
1026,2024-02-08T00:00:00,429.0,429.1,408.6,414.55,48183885,
1027,2024-02-09T00:00:00,410.1,424.2,408.6,415.5,32283967,
1028,2024-02-12T00:00:00,417.55,418.0,406.05,406.85,10925649,
1029,2024-02-13T00:00:00,406.9,410.8,403.3,406.75,15595834,
1030,2024-02-14T00:00:00,406.0,412.25,404.4,411.55,12142783,
1031,2024-02-15T00:00:00,413.0,414.55,403.15,403.9,20430925,
1032,2024-02-16T00:00:00,405.0,409.55,399.4,404.6,37512852,
1033,2024-02-19T00:00:00,405.0,412.75,404.6,409.25,16946032,
1034,2024-02-20T00:00:00,410.45,410.45,404.3,406.1,14080668,
1035,2024-02-21T00:00:00,407.0,410.1,401.3,403.35,19414656,
1036,2024-02-22T00:00:00,406.9,415.15,403.45,414.45,18597393,
1037,2024-02-23T00:00:00,415.9,415.9,410.5,411.4,11137494,
1038,2024-02-26T00:00:00,411.1,413.05,407.3,409.2,7963451,
1039,2024-02-27T00:00:00,410.0,412.75,408.55,411.15,7781830,
1040,2024-02-28T00:00:00,411.15,412.35,406.8,408.3,8614643,
1041,2024-02-29T00:00:00,409.0,411.05,404.5,406.3,14861507,
1042,2024-03-01T00:00:00,408.9,413.15,407.5,409.5,12394982,
1043,2024-03-02T00:00:00,411.0,412.8,410.1,412.05,980592,
1044,2024-03-04T00:00:00,412.25,412.95,408.45,409.1,6859952,
1045,2024-03-05T00:00:00,409.65,411.4,403.95,406.15,9730850,
1046,2024-03-06T00:00:00,406.5,409.95,400.7,407.85,11103085,
1047,2024-03-07T00:00:00,407.85,414.95,403.65,413.55,23020548,
1048,2024-03-11T00:00:00,416.8,418.3,408.0,409.4,17611223,
1049,2024-03-12T00:00:00,406.5,406.5,399.35,404.45,34882642,
1050,2024-03-13T00:00:00,435.0,438.0,421.15,422.45,104829518,
1051,2024-03-14T00:00:00,421.95,425.5,418.0,419.65,30756670,
1052,2024-03-15T00:00:00,417.2,428.55,415.25,419.1,73253755,
1053,2024-03-18T00:00:00,419.0,420.7,416.9,417.45,15930537,
1054,2024-03-19T00:00:00,418.0,419.55,408.7,409.55,20962619,
1055,2024-03-20T00:00:00,410.0,416.65,409.55,415.7,19605564,
1056,2024-03-21T00:00:00,419.0,422.0,416.2,421.25,19222762,
1057,2024-03-22T00:00:00,421.25,429.65,421.25,428.6,38855573,
1058,2024-03-26T00:00:00,425.55,429.2,425.55,427.65,10274148,
1059,2024-03-27T00:00:00,427.0,428.9,426.45,428.0,12223578,
1060,2024-03-28T00:00:00,428.0,433.25,427.0,428.35,27933170,
1061,2024-04-01T00:00:00,429.1,431.35,425.75,426.7,9381643,
1062,2024-04-02T00:00:00,428.7,428.7,424.6,425.85,8848995,
1063,2024-04-03T00:00:00,426.0,428.8,421.0,425.2,12662870,
1064,2024-04-04T00:00:00,425.55,427.35,419.9,422.75,18351338,
1065,2024-04-05T00:00:00,422.5,431.7,419.95,427.55,16143720,
1066,2024-04-08T00:00:00,428.3,431.4,427.75,429.1,8515206,
1067,2024-04-09T00:00:00,430.45,431.5,425.55,426.35,6708897,
1068,2024-04-10T00:00:00,428.3,437.8,425.75,436.95,13998534,
1069,2024-04-12T00:00:00,435.0,435.75,428.3,430.1,18113343,
1070,2024-04-15T00:00:00,428.0,429.15,422.9,425.9,8743682,
1071,2024-04-16T00:00:00,423.25,427.0,423.2,425.9,9972213,
1072,2024-04-18T00:00:00,426.0,426.9,417.65,418.85,21309487,
1073,2024-04-19T00:00:00,418.0,426.25,416.0,424.75,16579566,
1074,2024-04-22T00:00:00,427.0,427.6,423.35,425.3,7111147,
1075,2024-04-23T00:00:00,425.3,430.5,425.1,429.2,12021407,
1076,2024-04-24T00:00:00,429.25,430.8,428.3,428.9,5845172,
1077,2024-04-25T00:00:00,431.0,438.3,429.0,437.55,29212000,
1078,2024-04-26T00:00:00,439.25,443.3,436.4,440.0,14773978,
1079,2024-04-29T00:00:00,442.0,442.45,434.6,438.2,11627885,
1080,2024-04-30T00:00:00,439.95,440.5,435.1,435.65,12060201,
1081,2024-05-02T00:00:00,436.0,442.6,434.85,439.0,23225447,
1082,2024-05-03T00:00:00,440.05,440.05,431.35,436.45,22902073,
1083,2024-05-06T00:00:00,438.0,440.45,433.35,434.75,10355058,
1084,2024-05-07T00:00:00,436.9,446.0,435.2,440.35,25968924,
1085,2024-05-08T00:00:00,441.25,444.7,438.2,441.0,10510184,
1086,2024-05-09T00:00:00,440.05,441.5,423.35,425.1,23393817,
1087,2024-05-10T00:00:00,426.5,436.35,426.5,433.35,13985229,
1088,2024-05-13T00:00:00,433.25,435.45,429.5,431.85,7299927,
1089,2024-05-14T00:00:00,430.5,433.3,428.55,429.7,10993433,
1090,2024-05-15T00:00:00,430.75,433.25,426.75,427.8,7562303,
1091,2024-05-16T00:00:00,430.0,432.6,422.9,431.45,23016537,
1092,2024-05-17T00:00:00,432.4,437.5,428.9,436.3,11449057,
1093,2024-05-18T00:00:00,437.0,437.65,435.2,436.65,713239,
1094,2024-05-21T00:00:00,436.0,437.1,433.2,434.8,10760729,
1095,2024-05-22T00:00:00,437.35,441.95,435.4,439.9,10624081,
1096,2024-05-23T00:00:00,441.4,444.9,436.55,441.35,26231377,
1097,2024-05-24T00:00:00,441.0,442.45,435.3,436.2,12754507,
1098,2024-05-27T00:00:00,438.8,438.9,430.7,431.5,11815713,
1099,2024-05-28T00:00:00,432.1,432.5,428.25,429.0,9304172,
1100,2024-05-29T00:00:00,425.5,432.4,425.5,430.95,10428317,
1101,2024-05-30T00:00:00,428.5,430.95,422.35,423.85,20514695,
1102,2024-05-31T00:00:00,426.75,429.55,424.25,426.45,28213534,
1103,2024-06-03T00:00:00,434.0,434.9,428.65,430.35,15610346,
1104,2024-06-04T00:00:00,426.0,426.3,402.85,415.2,45935714,
1105,2024-06-05T00:00:00,422.0,436.0,418.05,430.3,27039767,
1106,2024-06-06T00:00:00,436.0,437.7,431.1,435.4,31033550,
1107,2024-06-07T00:00:00,431.4,441.65,431.1,439.15,28426749,
1108,2024-06-10T00:00:00,440.0,441.0,435.85,436.9,11426932,
1109,2024-06-11T00:00:00,437.0,437.8,432.25,433.0,12663519,
1110,2024-06-12T00:00:00,430.55,434.4,430.2,432.3,10349861,
1111,2024-06-13T00:00:00,436.9,436.9,429.75,430.3,9253803,
1112,2024-06-14T00:00:00,431.0,431.9,429.05,431.15,9213425,
1113,2024-06-18T00:00:00,433.0,434.2,428.2,428.75,14094642,
1114,2024-06-19T00:00:00,430.0,430.75,423.05,423.65,10916665,
1115,2024-06-20T00:00:00,424.05,426.5,421.5,423.3,14585809,
1116,2024-06-21T00:00:00,425.0,425.3,418.55,419.6,25195842,
1117,2024-06-24T00:00:00,420.0,423.95,420.0,423.3,9360962,
1118,2024-06-25T00:00:00,423.0,424.0,419.75,423.3,10260451,
1119,2024-06-26T00:00:00,423.0,426.4,422.05,423.95,11073479,
1120,2024-06-27T00:00:00,423.95,427.25,421.1,425.6,37012592,
1121,2024-06-28T00:00:00,425.5,428.0,423.5,424.9,17923687,
1122,2024-07-01T00:00:00,426.3,430.25,424.65,429.05,12881420,
1123,2024-07-02T00:00:00,430.0,430.65,422.55,425.5,10757733,
1124,2024-07-03T00:00:00,426.1,429.65,425.5,428.3,7157670,
1125,2024-07-04T00:00:00,430.0,431.5,427.05,429.05,9124653,
1126,2024-07-05T00:00:00,429.0,434.0,427.6,433.65,12921166,
1127,2024-07-08T00:00:00,435.15,444.55,433.65,443.6,20521110,
1128,2024-07-09T00:00:00,447.6,455.0,444.0,452.6,26465455,
1129,2024-07-10T00:00:00,453.7,455.35,446.5,451.45,11616284,
1130,2024-07-11T00:00:00,450.0,459.5,448.7,458.65,18826028,
1131,2024-07-12T00:00:00,458.65,463.25,455.85,459.05,18985543,
1132,2024-07-15T00:00:00,459.05,466.45,457.2,463.4,16251034,
1133,2024-07-16T00:00:00,463.45,466.75,461.4,465.55,13018722,
1134,2024-07-18T00:00:00,463.0,470.9,462.65,470.25,21091521,
1135,2024-07-19T00:00:00,471.0,479.4,469.4,474.55,24975448,
1136,2024-07-22T00:00:00,474.6,479.45,465.85,466.55,18062057,
1137,2024-07-23T00:00:00,466.55,497.4,466.4,492.2,54044426,
1138,2024-07-24T00:00:00,496.0,510.65,490.65,494.05,42066153,
1139,2024-07-25T00:00:00,490.0,496.0,484.65,489.95,17864793,
1140,2024-07-26T00:00:00,494.05,506.4,487.4,502.2,20732628,
1141,2024-07-29T00:00:00,505.5,506.2,494.05,496.05,12487694,
1142,2024-07-30T00:00:00,496.3,497.8,488.65,489.9,13375909,
1143,2024-07-31T00:00:00,492.45,497.95,490.5,495.35,11531669,
1144,2024-08-01T00:00:00,495.95,496.75,490.95,493.7,11659144,
1145,2024-08-02T00:00:00,484.8,499.45,484.8,489.1,21320066,
1146,2024-08-05T00:00:00,480.05,491.9,479.55,486.0,24088609,
1147,2024-08-06T00:00:00,486.25,491.7,484.05,486.3,13707799,
1148,2024-08-07T00:00:00,490.0,495.6,488.1,492.65,10899572,
1149,2024-08-08T00:00:00,494.0,498.0,492.5,494.75,20555499,
1150,2024-08-09T00:00:00,498.0,498.0,493.1,495.9,9197935,
1151,2024-08-12T00:00:00,492.0,500.0,492.0,494.6,9075184,
1152,2024-08-13T00:00:00,495.95,497.85,488.25,490.0,7757210,
1153,2024-08-14T00:00:00,491.95,499.0,489.9,492.2,9283769,
1154,2024-08-16T00:00:00,494.5,504.2,492.65,502.65,13137395,
1155,2024-08-19T00:00:00,504.75,509.3,499.6,501.45,10198728,
1156,2024-08-20T00:00:00,501.0,503.4,497.7,498.8,6648354,
1157,2024-08-21T00:00:00,500.0,509.0,499.05,505.4,8472898,
1158,2024-08-22T00:00:00,507.85,508.5,501.45,504.55,8364293,
1159,2024-08-23T00:00:00,505.05,506.95,499.95,505.8,7889046,
1160,2024-08-26T00:00:00,506.0,508.0,502.0,505.7,7823630,
1161,2024-08-27T00:00:00,507.55,507.6,500.0,500.6,7950957,
1162,2024-08-28T00:00:00,500.4,502.3,496.5,497.3,7782219,
1163,2024-08-29T00:00:00,498.0,507.7,497.35,505.1,18665524,
1164,2024-08-30T00:00:00,501.95,509.15,500.2,501.9,14945973,
1165,2024-09-02T00:00:00,504.0,512.9,503.3,510.05,15878946,
1166,2024-09-03T00:00:00,510.05,515.95,507.9,509.4,12012293,
1167,2024-09-04T00:00:00,500.0,510.05,499.95,506.35,8413152,
1168,2024-09-05T00:00:00,508.35,511.9,507.05,511.2,10897359,
1169,2024-09-06T00:00:00,512.0,512.0,497.15,501.7,13716755,
1170,2024-09-09T00:00:00,502.0,512.65,500.35,511.75,13733491,
1171,2024-09-10T00:00:00,511.9,515.0,508.75,513.6,10906834,
1172,2024-09-11T00:00:00,513.0,519.5,511.95,514.35,14919777,
1173,2024-09-12T00:00:00,515.1,520.5,508.55,519.5,18377553,
1174,2024-09-13T00:00:00,519.5,520.0,512.0,513.85,8825196,
1175,2024-09-16T00:00:00,515.9,517.0,509.7,511.1,7543948,
1176,2024-09-17T00:00:00,511.05,513.55,506.25,507.75,10486018,
1177,2024-09-18T00:00:00,507.85,512.4,505.1,507.35,5429622,
1178,2024-09-19T00:00:00,510.0,514.8,507.5,508.25,13925313,
1179,2024-09-20T00:00:00,512.0,517.35,508.0,514.4,23808196,
1180,2024-09-23T00:00:00,515.45,519.45,513.6,516.95,7804921,
1181,2024-09-24T00:00:00,517.0,517.8,514.15,515.25,6761391,
1182,2024-09-25T00:00:00,515.5,519.3,512.3,517.55,8476225,
1183,2024-09-26T00:00:00,517.65,523.75,517.0,522.75,15479275,
1184,2024-09-27T00:00:00,520.25,528.5,520.25,522.7,17251965,
1185,2024-09-30T00:00:00,520.6,524.35,514.05,518.15,10527440,
1186,2024-10-01T00:00:00,518.15,519.75,514.0,516.2,5088673,
1187,2024-10-03T00:00:00,508.55,515.7,508.1,512.75,15868714,
1188,2024-10-04T00:00:00,510.0,517.35,501.55,503.55,18228915,
1189,2024-10-07T00:00:00,507.0,514.95,506.75,510.2,16477250,
1190,2024-10-08T00:00:00,510.0,512.55,506.0,507.95,9501653,
1191,2024-10-09T00:00:00,509.8,509.8,490.55,491.7,23948591,
1192,2024-10-10T00:00:00,495.35,495.65,489.45,492.05,12797951,
1193,2024-10-11T00:00:00,493.0,493.95,487.4,488.2,14393843,
1194,2024-10-14T00:00:00,491.0,499.0,488.65,496.95,6710805,
1195,2024-10-15T00:00:00,498.0,499.4,494.5,498.55,8036002,
1196,2024-10-16T00:00:00,496.0,498.85,492.35,493.2,6678642,
1197,2024-10-17T00:00:00,495.0,495.0,488.0,488.9,7385013,
1198,2024-10-18T00:00:00,488.75,491.55,478.4,486.7,21763852,
1199,2024-10-21T00:00:00,486.7,487.6,477.35,483.65,7395277,
1200,2024-10-22T00:00:00,483.65,488.4,480.8,481.8,12296907,
1201,2024-10-23T00:00:00,481.0,483.3,479.5,480.35,10161800,
1202,2024-10-24T00:00:00,482.0,482.4,470.0,471.7,13088015,
1203,2024-10-25T00:00:00,475.8,493.5,474.2,482.3,30961628,
1204,2024-10-28T00:00:00,481.95,485.9,476.0,484.15,8613396,
1205,2024-10-29T00:00:00,485.0,489.2,481.3,487.95,6866137,
1206,2024-10-30T00:00:00,487.95,493.25,486.5,491.55,6392383,
1207,2024-10-31T00:00:00,492.0,493.0,484.7,488.8,7807472,
1208,2024-11-01T00:00:00,491.0,492.1,489.3,490.3,1460600,
1209,2024-11-04T00:00:00,493.45,493.45,479.55,484.6,8428139,
1210,2024-11-05T00:00:00,482.95,485.05,476.95,480.2,7326602,
1211,2024-11-06T00:00:00,480.2,484.4,478.0,481.1,11368301,
1212,2024-11-07T00:00:00,481.75,482.7,476.1,477.9,8924283,
1213,2024-11-08T00:00:00,477.9,480.7,474.6,478.05,6112322,
1214,2024-11-11T00:00:00,478.05,481.5,474.1,476.95,5488838,
1215,2024-11-12T00:00:00,477.6,477.95,471.15,472.85,5041169,
1216,2024-11-13T00:00:00,470.05,474.7,468.25,472.2,11118421,
1217,2024-11-14T00:00:00,471.2,472.95,462.25,465.95,11638485,
1218,2024-11-18T00:00:00,466.0,467.8,462.0,466.55,8132251,
1219,2024-11-19T00:00:00,468.0,473.75,466.25,467.35,6853405,
1220,2024-11-21T00:00:00,461.0,464.05,455.4,457.15,19558654,
1221,2024-11-22T00:00:00,456.2,476.5,455.5,474.65,19462635,
1222,2024-11-25T00:00:00,479.0,482.2,472.4,476.8,13891222,
1223,2024-11-26T00:00:00,480.0,482.65,474.1,477.0,6539481,
1224,2024-11-27T00:00:00,477.5,480.1,473.0,476.95,7067015,
1225,2024-11-28T00:00:00,477.0,483.8,470.55,474.9,14410488,
1226,2024-11-29T00:00:00,473.2,478.9,472.6,476.75,8345787,
1227,2024-12-02T00:00:00,476.0,479.3,473.4,477.2,5478601,
1228,2024-12-03T00:00:00,466.0,473.4,462.75,472.55,22214356,
1229,2024-12-04T00:00:00,474.4,478.2,466.4,467.1,13430391,
1230,2024-12-05T00:00:00,467.55,472.75,462.5,467.5,26450213,
1231,2024-12-05T00:00:00,467.55,472.75,462.5,467.5,26450213,
1232,2024-12-06T00:00:00,470.0,474.95,467.7,471.15,7549638,
1233,2024-12-09T00:00:00,471.5,472.0,462.95,464.95,11698631,
1234,2024-12-10T00:00:00,465.35,466.45,462.6,465.45,8822265,
1235,2024-12-11T00:00:00,467.2,468.2,464.7,465.25,6745819,
1236,2024-12-12T00:00:00,465.5,467.9,459.15,460.6,12882076,
1237,2024-12-13T00:00:00,460.0,474.4,451.65,470.0,31752094,
1238,2024-12-16T00:00:00,470.25,474.4,468.0,470.1,9006051,
1239,2024-12-17T00:00:00,470.0,475.8,463.05,469.55,19835439,
1240,2024-12-18T00:00:00,472.7,473.8,466.9,470.5,12361280,
1241,2024-12-19T00:00:00,469.0,474.35,465.3,466.55,14594418,
1242,2024-12-20T00:00:00,466.5,467.45,459.3,464.65,19481291,
1243,2024-12-23T00:00:00,471.2,477.7,467.6,474.25,18837472,
1244,2024-12-24T00:00:00,474.9,480.25,472.65,478.45,11562713,
1245,2024-12-26T00:00:00,480.55,481.85,476.0,476.95,8882616,
1246,2024-12-27T00:00:00,479.75,481.9,476.0,478.6,16277691,
1247,2024-12-30T00:00:00,480.75,481.45,476.0,477.0,13070883,
1248,2024-12-31T00:00:00,478.45,484.65,474.55,483.65,13300602,
1249,2025-01-01T00:00:00,,486.65,482.25,483.95,18279704,
1250,2025-01-02T00:00:00,483.95,490.0,482.35,489.05,26124980,
1251,2025-01-03T00:00:00,489.05,490.65,479.85,481.6,37072992,
1252,2025-01-06T00:00:00,481.6,481.6,441.3,442.65,23356519,
1253,2025-01-07T00:00:00,442.65,447.6,440.2,441.1,14294780,
1254,2025-01-08T00:00:00,441.1,452.05,437.1,449.55,13513260,
1255,2025-01-09T00:00:00,449.55,460.65,446.6,450.1,19732649,
1256,2025-01-10T00:00:00,450.1,450.1,442.85,444.9,9165302,
1257,2025-01-13T00:00:00,444.9,444.9,435.0,439.05,17799607,
1258,2025-01-14T00:00:00,439.05,441.5,435.85,436.6,18048459,
1259,2025-01-15T00:00:00,436.6,441.65,435.4,437.35,9859301,
1260,2025-01-16T00:00:00,437.35,439.0,431.35,432.85,15803172,
1261,2025-01-17T00:00:00,432.85,441.8,432.85,440.2,11287141,
1262,2025-01-20T00:00:00,440.2,441.0,436.0,437.7,8787739,
1263,2025-01-21T00:00:00,437.7,446.9,435.25,437.55,15709582,
1264,2025-01-22T00:00:00,437.55,441.95,436.7,437.0,9635938,
1265,2025-01-23T00:00:00,437.0,441.8,434.15,440.2,8981577,
1266,2025-01-24T00:00:00,440.2,445.0,439.05,441.6,9697613,
1267,2025-01-27T00:00:00,441.6,444.85,436.6,440.1,10532124,
1268,2025-01-28T00:00:00,440.1,441.8,434.55,435.45,20966494,
1269,2025-01-29T00:00:00,435.45,437.5,430.15,433.35,15171446,
1270,2025-01-30T00:00:00,433.35,438.0,431.5,436.2,22496695,
1271,2025-01-31T00:00:00,436.2,448.2,435.15,447.5,13555359,
1272,2025-02-01T00:00:00,447.5,471.35,439.6,462.55,30420950,
1273,2025-02-03T00:00:00,462.55,465.2,452.3,454.35,17072236,
1274,2025-02-04T00:00:00,454.35,460.0,448.75,455.15,18943515,
1275,2025-02-05T00:00:00,455.15,455.6,446.5,448.15,12858805,
1276,2025-02-06T00:00:00,448.15,450.0,438.2,441.1,17469129,
1277,2025-02-07T00:00:00,441.1,445.05,428.4,430.85,18875982,
1278,2025-02-10T00:00:00,430.85,433.25,426.5,427.2,12227140,
1279,2025-02-11T00:00:00,427.2,430.3,417.5,418.3,14288751,
1280,2025-02-12T00:00:00,418.3,418.3,407.6,409.9,13884574,
1281,2025-02-13T00:00:00,409.9,413.9,409.1,409.7,12989029,
1282,2025-02-14T00:00:00,409.7,416.15,408.5,410.25,14177092,
1283,2025-02-17T00:00:00,410.25,411.2,406.75,408.6,11975265,
1284,2025-02-18T00:00:00,408.6,410.2,404.0,405.25,13018707,
1285,2025-02-19T00:00:00,405.25,408.8,404.65,406.4,7097182,
1286,2025-02-20T00:00:00,406.4,406.4,397.45,402.05,15382939,
1287,2025-02-21T00:00:00,402.05,403.2,399.5,400.9,8259046,
1288,2025-02-24T00:00:00,400.9,403.4,398.75,401.9,7037625,
1289,2025-02-25T00:00:00,401.9,407.0,400.5,404.85,15788311,
1290,2025-02-27T00:00:00,404.85,406.4,399.5,401.6,19072926,
1291,2025-02-28T00:00:00,401.6,402.35,392.4,395.0,31992109,
1292,2025-03-03T00:00:00,395.0,399.0,391.75,397.45,10731070,
1293,2025-03-04T00:00:00,397.45,397.45,393.1,394.85,13404774,
1294,2025-03-05T00:00:00,394.85,412.25,394.5,405.05,15725569,
1295,2025-03-06T00:00:00,405.05,409.15,400.6,405.7,17869996,
1296,2025-03-07T00:00:00,405.7,405.7,401.7,403.9,11292775,
1297,2025-03-10T00:00:00,403.9,406.85,400.65,405.0,9785018,
1298,2025-03-11T00:00:00,405.0,408.3,401.35,406.2,11121452,
1299,2025-03-12T00:00:00,406.2,413.05,404.05,412.4,13870901,
1300,2025-03-13T00:00:00,412.4,414.4,408.2,412.05,8209660,
1301,2025-03-17T00:00:00,412.05,416.2,407.0,407.95,5257859,
1302,2025-03-18T00:00:00,407.95,411.95,407.9,409.1,13895813,
1303,2025-03-19T00:00:00,409.1,410.75,402.65,403.05,12847834,
1304,2025-03-20T00:00:00,403.05,406.6,401.95,403.95,17014014,
1305,2025-03-21T00:00:00,403.95,407.5,401.7,405.55,25328475,
1306,2025-03-24T00:00:00,405.55,412.85,405.55,410.9,14418743,
1307,2025-03-25T00:00:00,410.9,415.2,408.75,409.8,20380103,
1308,2025-03-26T00:00:00,409.8,411.2,406.6,407.35,13891436,
1309,2025-03-27T00:00:00,407.35,410.6,405.7,409.45,18665766,
1310,2025-03-28T00:00:00,409.45,415.5,408.2,409.75,12999249,
1311,2025-04-01T00:00:00,409.75,414.4,405.6,406.65,15206240,
1312,2025-04-02T00:00:00,406.65,409.85,406.05,409.05,8026580,
1313,2025-04-03T00:00:00,409.05,410.2,406.8,409.4,7105337,
1314,2025-04-04T00:00:00,409.4,412.8,404.55,409.7,18627592,
1315,2025-04-07T00:00:00,409.7,409.7,390.15,406.05,26832854,
1316,2025-04-08T00:00:00,406.05,415.8,406.05,412.55,18670961,
1317,2025-04-09T00:00:00,412.55,419.05,411.3,416.3,21813941,
1318,2025-04-11T00:00:00,416.3,422.45,416.3,421.55,8939356,
1319,2025-04-15T00:00:00,421.55,429.2,419.0,420.4,11685880,
1320,2025-04-16T00:00:00,420.4,425.45,418.0,424.45,13034594,
1321,2025-04-17T00:00:00,424.45,427.7,421.65,427.25,22453280,
1322,2025-04-21T00:00:00,427.25,428.85,421.5,422.85,27388236,
1323,2025-04-22T00:00:00,422.85,434.75,422.85,433.6,32031936,
1324,2025-04-23T00:00:00,433.6,436.2,428.9,430.85,19626101,
1325,2025-04-24T00:00:00,430.85,435.85,429.35,430.05,26064089,
1326,2025-04-25T00:00:00,430.05,432.5,423.35,427.8,22944377,
1327,2025-04-28T00:00:00,427.8,430.5,425.3,428.8,6287095,
1328,2025-04-29T00:00:00,428.8,429.55,425.0,426.0,11207064,
1329,2025-04-30T00:00:00,426.0,428.75,424.85,425.8,10051277,
1330,2025-05-02T00:00:00,425.8,431.45,424.1,430.25,12769461,
1331,2025-05-05T00:00:00,430.25,438.5,430.15,436.95,11568432,
1332,2025-05-06T00:00:00,436.95,439.15,433.0,435.55,15039302,
1333,2025-05-07T00:00:00,435.55,435.55,429.8,431.15,9710361,
1334,2025-05-08T00:00:00,431.15,431.5,423.55,430.6,19991333,
1335,2025-05-09T00:00:00,430.6,430.6,423.05,423.55,8253854,
1336,2025-05-12T00:00:00,423.55,43515.0,423.55,435.5,8031891,
1337,2025-05-13T00:00:00,435.5,437.9,425.35,427.9,14976369,
1338,2025-05-14T00:00:00,427.9,431.2,425.95,429.1,9577919,
1339,2025-05-15T00:00:00,429.1,435.4,426.0,432.65,24275658,
1340,2025-05-16T00:00:00,432.65,436.2,432.15,435.7,16413023,
1341,2025-05-19T00:00:00,435.7,438.5,432.65,435.35,7543854,
1342,2025-05-20T00:00:00,435.35,440.8,433.0,434.9,9905951,
1343,2025-05-21T00:00:00,434.9,438.15,432.0,433.0,5776672,
1344,2025-05-22T00:00:00,433.0,433.0,423.0,426.1,19463370,
1345,2025-05-23T00:00:00,426.1,439.0,426.1,436.3,18536884,
1346,2025-05-26T00:00:00,436.3,443.55,436.3,442.9,13107662,
1347,2025-05-27T00:00:00,442.9,444.1,430.85,433.9,27026292,
1348,2025-05-28T00:00:00,433.9,433.9,414.65,420.2,432249649,
1349,2025-05-29T00:00:00,420.2,422.55,416.6,418.75,21478547,
1350,2025-05-30T00:00:00,418.75,420.0,416.4,418.05,30656239,
1351,2025-06-02T00:00:00,418.05,420.45,415.0,419.3,14973380,
1352,2025-06-03T00:00:00,419.3,421.5,415.7,416.95,13216486,
1353,2025-06-03T00:00:00,419.3,421.5,415.7,416.95,13216486,
1354,2025-06-04T00:00:00,416.95,419.0,416.05,417.0,12598933,
1355,2025-06-05T00:00:00,417.0,420.95,416.1,419.1,13256011,
1356,2025-06-06T00:00:00,419.1,421.3,419.0,421.05,8774988,
1357,2025-06-09T00:00:00,421.05,423.6,420.55,423.05,10502529,
1358,2025-06-10T00:00:00,423.05,428.5,423.05,427.0,13065737,
1359,2025-06-11T00:00:00,427.0,428.0,424.85,426.15,20789182,
1360,2025-06-12T00:00:00,426.15,427.0,419.7,421.0,18523080,
1361,2025-06-13T00:00:00,421.0,421.0,413.6,413.9,17873926,
1362,2025-06-16T00:00:00,413.9,418.9,413.6,418.2,7006629,
1363,2025-06-17T00:00:00,418.2,419.0,415.7,417.4,9028406,
1364,2025-06-18T00:00:00,417.4,418.45,414.9,415.9,8062536,
1365,2025-06-19T00:00:00,415.9,418.25,414.9,416.0,12612377,
1366,2025-06-20T00:00:00,416.0,419.5,416.0,418.55,13203184,
1367,2025-06-23T00:00:00,418.55,418.55,412.2,413.9,14839890,
1368,2025-06-24T00:00:00,413.9,420.65,413.8,414.35,16690068,
1369,2025-06-25T00:00:00,414.35,418.1,414.35,416.35,9946718,
1370,2025-06-26T00:00:00,416.35,420.9,416.25,420.3,13703918,
1371,2025-06-27T00:00:00,420.3,421.75,417.9,418.65,21430580,
1372,2025-06-30T00:00:00,418.65,420.65,415.8,416.45,12317124,
1373,2025-07-01T00:00:00,417.0,418.85,414.9,415.1,13670465,
1374,2025-07-02T00:00:00,415.1,416.9,411.7,412.95,15990899,
1375,2025-07-03T00:00:00,412.95,415.8,411.3,413.35,14185298,
1376,2025-07-04T00:00:00,413.35,414.9,411.75,412.55,8275313,
1377,2025-07-07T00:00:00,412.55,417.2,412.0,416.15,6875955,
1378,2025-07-08T00:00:00,416.15,418.05,414.65,417.2,6827735,
1379,2025-07-09T00:00:00,417.2,420.3,415.45,419.45,9965220,
1380,2025-07-10T00:00:00,419.45,420.3,416.4,416.85,6220360,
1381,2025-07-11T00:00:00,416.85,418.0,415.55,416.8,8611510,
1382,2025-07-14T00:00:00,416.8,419.9,416.6,419.4,6916671,
1383,2025-07-15T00:00:00,419.4,422.4,419.0,422.1,8532755,
1384,2025-07-16T00:00:00,422.1,425.45,420.3,424.6,9822770,
1385,2025-07-17T00:00:00,424.6,425.8,423.0,423.95,7240795,
1386,2025-07-18T00:00:00,423.95,425.2,420.1,422.75,6735713,
1387,2025-07-21T00:00:00,422.75,422.75,418.5,420.1,4822343,
1388,2025-07-22T00:00:00,420.1,420.25,415.2,416.0,9891222,
1389,2025-07-23T00:00:00,416.0,417.9,414.0,414.95,12196187,
1390,2025-07-24T00:00:00,414.95,415.85,409.5,409.95,9036916,
1391,2025-07-25T00:00:00,409.95,410.0,407.75,409.4,5824089,
1392,2025-07-28T00:00:00,409.4,410.85,408.65,409.9,8123337,
1393,2025-07-29T00:00:00,409.9,411.4,408.0,408.45,6811772,
1394,2025-07-30T00:00:00,408.45,409.0,405.75,407.6,10915863,
1395,2025-07-31T00:00:00,407.6,414.0,405.65,411.95,19416528,
1396,2025-08-01T00:00:00,411.95,419.35,411.95,416.45,14342321,
1397,2025-08-04T00:00:00,416.45,422.0,415.1,416.85,18453629,
1398,2025-08-05T00:00:00,416.85,417.8,413.05,414.15,8495104,
1399,2025-08-06T00:00:00,414.15,414.75,410.5,412.0,9104338,
1400,2025-08-07T00:00:00,412.0,414.75,412.0,413.6,11523176,
1401,2025-08-08T00:00:00,413.6,415.2,413.6,414.5,9827954,
1402,2025-08-11T00:00:00,414.5,417.0,414.35,416.85,8556651,
1403,2025-08-12T00:00:00,416.85,419.75,415.85,416.35,13635738,
1404,2025-08-13T00:00:00,416.35,417.5,413.7,414.1,10874910,
1405,2025-08-14T00:00:00,414.1,415.05,411.0,411.45,9594375,
1406,2025-08-18T00:00:00,411.45,413.0,405.0,406.3,30950814,
1407,2025-08-19T00:00:00,406.3,409.4,404.5,409.1,16681331,
1408,2025-08-20T00:00:00,409.1,410.15,405.6,406.05,18207333,
1409,2025-08-21T00:00:00,406.05,406.8,403.55,405.55,15028966,
1410,2025-08-22T00:00:00,405.55,406.2,397.6,398.3,13132603,
1411,2025-08-25T00:00:00,398.3,400.55,396.35,399.35,10485481,
1412,2025-08-26T00:00:00,399.35,405.4,398.55,403.35,13740472,
1413,2025-08-28T00:00:00,403.35,404.5,400.0,400.9,12471719,
1414,2025-08-29T00:00:00,400.9,410.4,400.9,409.75,25255050,
1415,2025-09-01T00:00:00,409.75,410.15,405.0,405.85,12268090,
1416,2025-09-02T00:00:00,405.85,407.8,404.5,406.75,19808255,
1417,2025-09-03T00:00:00,406.75,413.2,406.75,411.75,12936588,
1418,2025-09-04T00:00:00,411.75,423.95,411.75,415.9,27274123,
1419,2025-09-05T00:00:00,415.9,416.9,404.4,407.35,16000675,
1420,2025-09-08T00:00:00,407.35,410.5,406.85,407.55,7419022,
1421,2025-09-09T00:00:00,407.55,410.9,407.4,410.05,8863643,
1422,2025-09-10T00:00:00,410.05,413.7,408.95,413.05,9326722,
1423,2025-09-11T00:00:00,413.05,416.7,413.05,415.05,8303230,
1424,2025-09-12T00:00:00,415.05,416.75,412.85,413.75,7825155,
1425,2025-09-15T00:00:00,413.75,414.25,411.75,412.65,5707331,
1426,2025-09-16T00:00:00,412.65,414.15,412.0,413.1,8262922,
1427,2025-09-17T00:00:00,413.1,414.6,408.05,409.3,14113882,
1428,2025-09-18T00:00:00,409.3,413.05,409.3,411.55,15669469,
1429,2025-09-19T00:00:00,411.55,412.6,409.0,410.65,19533388,
1430,2025-09-22T00:00:00,410.65,411.0,406.05,406.95,8975474,
1431,2025-09-23T00:00:00,406.95,408.1,402.2,403.2,14968297,
1432,2025-09-24T00:00:00,403.2,404.4,400.8,401.0,12380865,
1433,2025-09-25T00:00:00,401.0,402.8,398.0,400.1,22023763,
1434,2025-09-26T00:00:00,400.1,405.35,399.8,405.1,11817342,
1435,2025-09-29T00:00:00,405.1,408.0,403.2,407.25,19744777,
1436,2025-09-30T00:00:00,407.25,407.25,400.45,401.55,9465490,
1437,2025-10-01T00:00:00,401.55,406.0,399.85,405.6,17643039,
1438,2025-10-03T00:00:00,405.6,405.6,402.4,404.3,17012539,
1439,2025-10-06T00:00:00,404.3,404.3,399.8,400.75,14003889,
1440,2025-10-07T00:00:00,400.75,402.55,399.55,399.8,12298968,
1441,2025-10-08T00:00:00,399.8,401.75,398.1,399.75,8423985,
1442,2025-10-09T00:00:00,399.75,401.4,399.0,399.9,15670270,
1443,2025-10-10T00:00:00,399.9,403.8,399.55,402.8,15102827,
1444,2025-10-13T00:00:00,402.8,402.8,398.6,399.25,9508594,
1445,2025-10-14T00:00:00,399.25,400.85,396.25,396.8,10291102,
1446,2025-10-15T00:00:00,396.8,400.85,396.8,399.9,16043867,
1447,2025-10-16T00:00:00,399.9,405.65,399.6,405.15,22962049,
1448,2025-10-17T00:00:00,405.15,413.85,405.15,412.15,21071344,
1449,2025-10-20T00:00:00,412.15,414.7,411.3,413.05,13083621,
1450,2025-10-21T00:00:00,413.05,413.5,412.35,412.85,1142130,
1451,2025-10-23T00:00:00,412.85,420.4,412.85,415.95,24305990,
1452,2025-10-24T00:00:00,415.95,417.95,413.6,416.8,14964060,
1453,2025-10-27T00:00:00,416.8,422.7,416.6,420.65,11641427,
1454,2025-10-28T00:00:00,420.65,421.65,415.9,417.9,17163147,
1455,2025-10-29T00:00:00,417.9,422.2,416.05,421.6,11481729,
1456,2025-10-30T00:00:00,,421.6,416.2,418.75,12938674,
1457,2025-10-31T00:00:00,,426.4,418.6,420.35,18635121,
1458,2025-11-03T00:00:00,,421.65,413.3,413.95,7635440,
1459,2025-11-04T00:00:00,,414.5,408.35,408.9,10119531,
1460,2025-11-07T00:00:00,,409.1,403.7,404.05,8428424,
1461,2025-11-10T00:00:00,,407.05,403.85,405.55,6650003,
1462,2025-11-11T00:00:00,,407.9,404.7,406.85,12027130,
1463,2025-11-12T00:00:00,,408.05,405.7,407.0,7995895,
1464,2025-11-13T00:00:00,,407.5,404.6,405.7,6628370,
1465,2025-11-14T00:00:00,,408.75,401.75,408.15,64038575,
1466,2025-11-17T00:00:00,,410.25,406.0,407.1,7855399,
1467,2025-11-18T00:00:00,,408.35,404.55,405.85,7661681,
1468,2025-11-19T00:00:00,,405.5,402.8,403.55,7891197,
1469,2025-11-20T00:00:00,,407.0,403.5,405.45,6719370,
1470,2025-11-21T00:00:00,405.0,408.5,404.7,407.85,5808131,
1471,2025-11-24T00:00:00,,408.75,402.85,403.55,11037491,
1472,2025-11-25T00:00:00,,404.5,400.2,400.8,8199785,
1473,2025-11-26T00:00:00,,403.95,401.0,402.3,11443953,
1474,2025-11-27T00:00:00,,405.95,402.15,404.3,8707554,
1475,2025-11-28T00:00:00,,404.85,402.5,404.25,6896912,
1476,2025-12-01T00:00:00,,405.5,398.2,404.25,13553294,
1477,2025-12-02T00:00:00,,405.4,400.5,400.95,8093808,
1478,2025-12-03T00:00:00,,402.15,398.9,400.5,10772192,
1479,2025-12-04T00:00:00,,403.35,399.05,403.05,8075434,
1480,2025-12-05T00:00:00,,405.35,402.0,404.95,4437503,
1481,2025-12-08T00:00:00,,405.1,400.55,402.3,6056866,
1482,2025-12-09T00:00:00,,404.5,400.05,401.05,9439467,
1483,2025-12-10T00:00:00,,404.4,401.0,403.15,6992970,
1484,2025-12-11T00:00:00,,404.0,401.1,402.9,6990502,
1485,2025-12-12T00:00:00,,403.15,399.85,400.1,12446906,
1486,2025-12-15T00:00:00,,403.35,399.65,402.3,7756564,
1487,2025-12-16T00:00:00,,405.75,401.1,401.7,12358115,
1488,2025-12-17T00:00:00,,402.95,399.3,399.8,8087490,
1489,2025-12-18T00:00:00,,401.9,399.85,400.4,7260781,
1490,2025-12-19T00:00:00,,402.65,400.25,401.05,10668236,
1491,2025-12-22T00:00:00,,403.65,401.6,402.7,6882715,
1492,2025-12-23T00:00:00,,408.9,402.05,407.35,10081997,
1493,2025-12-24T00:00:00,,409.05,405.65,406.6,5777430,
1494,2025-12-26T00:00:00,,407.1,403.9,404.15,3167985,
1495,2025-12-29T00:00:00,,404.8,401.95,402.6,6647710,
1496,2025-12-30T00:00:00,,403.45,400.35,400.6,12354242,
1497,2025-12-31T00:00:00,,403.7,401.1,403.0,9953638,
1498,2026-01-01T00:00:00,,402.7,362.7,363.85,282626710,
